Player,Season,Pos,Tm,G,GS,MP,FG,FGA,FG%,3P,3PA,3P%,FT,FTA,FT%,ORB,DRB,TRB,AST,STL,BLK,TOV,PF,PTS,PER,TS%,USG%,WS,BPM,VORP
James Harden,2019-20,SG,HOU,68.0,68.0,36.5,9.9,22.3,0.444,4.4,12.4,0.355,10.2,11.8,0.865,1.0,5.5,6.6,7.5,1.8,0.9,4.5,3.3,34.3,29.1,0.626,36.3,13.1,9.6,7.3
Bradley Beal,2019-20,SG,WAS,57.0,57.0,36.0,10.4,22.9,0.455,3.0,8.4,0.353,6.8,8.0,0.842,0.9,3.3,4.2,6.1,1.2,0.4,3.4,2.2,30.5,23.2,0.579,34.4,5.1,2.9,2.5
Damian Lillard,2019-20,PG,POR,66.0,66.0,37.5,9.5,20.4,0.463,4.1,10.2,0.401,7.0,7.8,0.888,0.5,3.8,4.3,8.0,1.1,0.3,2.9,1.7,30.0,26.9,0.627,30.3,11.6,7.5,5.9
Trae Young,2019-20,PG,ATL,60.0,60.0,35.3,9.1,20.8,0.437,3.4,9.5,0.361,8.0,9.3,0.86,0.5,3.7,4.3,9.3,1.1,0.1,4.8,1.7,29.6,23.9,0.595,34.9,5.9,3.9,3.1
Giannis Antetokounmpo,2019-20,PF,MIL,63.0,63.0,30.4,10.9,19.7,0.553,1.4,4.7,0.304,6.3,10.0,0.633,2.2,11.4,13.6,5.6,1.0,1.0,3.7,3.1,29.5,31.9,0.613,37.5,11.1,11.5,6.6
Luka DonÄiÄ,2019-20,PG,DAL,61.0,61.0,33.6,9.5,20.6,0.463,2.8,8.9,0.316,7.0,9.2,0.758,1.3,8.1,9.4,8.8,1.0,0.2,4.3,2.5,28.8,27.6,0.585,36.8,8.8,8.4,5.4
Kyrie Irving,2019-20,PG,BRK,20.0,20.0,32.9,10.0,20.8,0.478,2.8,7.1,0.394,4.7,5.1,0.922,1.1,4.1,5.2,6.4,1.4,0.5,2.6,2.7,27.4,26.2,0.595,32.6,2.9,7.7,1.6
Russell Westbrook,2019-20,PG,HOU,57.0,57.0,35.9,10.6,22.5,0.472,1.0,3.7,0.258,5.1,6.7,0.763,1.8,6.2,7.9,7.0,1.6,0.4,4.5,3.5,27.2,21.0,0.536,34.4,4.2,1.5,1.8
Kawhi Leonard,2019-20,SF,LAC,57.0,57.0,32.4,9.3,19.9,0.47,2.2,5.7,0.378,6.2,7.1,0.886,0.9,6.1,7.1,4.9,1.8,0.6,2.6,2.0,27.1,26.9,0.589,33.0,8.7,8.9,5.1
Devin Booker,2019-20,SG,PHO,70.0,70.0,35.9,9.0,18.3,0.489,2.0,5.7,0.354,6.7,7.3,0.919,0.4,3.8,4.2,6.5,0.7,0.3,3.8,3.0,26.6,20.6,0.618,30.0,7.5,2.2,2.6
Karl-Anthony Towns,2019-20,C,MIN,35.0,35.0,33.9,9.0,17.8,0.508,3.3,7.9,0.412,5.1,6.5,0.796,2.7,8.1,10.8,4.4,0.9,1.2,3.1,3.3,26.5,26.5,0.642,28.8,5.1,7.8,2.9
Anthony Davis,2019-20,PF,LAL,62.0,62.0,34.4,8.9,17.7,0.503,1.2,3.5,0.33,7.2,8.5,0.846,2.3,7.0,9.3,3.2,1.5,2.3,2.5,2.5,26.1,27.4,0.61,29.3,11.1,8.0,5.4
Zach LaVine,2019-20,SF,CHI,60.0,60.0,34.8,9.0,20.0,0.45,3.1,8.1,0.38,4.5,5.6,0.802,0.7,4.1,4.8,4.2,1.5,0.5,3.4,2.2,25.5,19.4,0.568,31.7,4.0,2.5,2.4
LeBron James,2019-20,PG,LAL,67.0,67.0,34.6,9.6,19.4,0.493,2.2,6.3,0.348,3.9,5.7,0.693,1.0,6.9,7.8,10.2,1.2,0.5,3.9,1.8,25.3,25.5,0.577,31.5,9.8,8.4,6.1
Donovan Mitchell,2019-20,SG,UTA,69.0,69.0,34.3,8.7,19.4,0.449,2.5,6.9,0.366,4.0,4.7,0.863,0.8,3.6,4.4,4.3,1.0,0.2,2.7,2.5,24.0,18.8,0.558,30.8,5.4,1.9,2.3
Brandon Ingram,2019-20,PF,NOP,62.0,62.0,33.9,8.2,17.7,0.463,2.4,6.2,0.391,5.0,5.9,0.851,0.8,5.3,6.1,4.2,1.0,0.6,3.0,2.9,23.8,18.8,0.587,28.1,5.1,2.1,2.2
Jayson Tatum,2019-20,PF,BOS,66.0,66.0,34.3,8.4,18.6,0.45,2.9,7.1,0.403,3.8,4.7,0.812,1.0,6.0,7.0,3.0,1.4,0.9,2.3,2.1,23.4,20.4,0.567,28.6,6.9,4.0,3.4
D'Angelo Russell,2019-20,PG,2TM,45.0,45.0,32.3,8.0,18.8,0.426,3.5,9.6,0.367,3.6,4.4,0.809,0.4,3.6,3.9,6.3,1.1,0.3,3.3,1.9,23.1,18.7,0.556,31.5,1.8,1.9,1.4
Joel Embiid,2019-20,C,PHI,51.0,51.0,29.5,7.5,15.7,0.477,1.1,3.4,0.331,6.9,8.5,0.807,2.8,8.9,11.6,3.0,0.9,1.3,3.1,3.4,23.0,25.8,0.59,32.9,6.0,4.7,2.5
Pascal Siakam,2019-20,PF,TOR,60.0,60.0,35.2,8.3,18.4,0.453,2.2,6.1,0.359,4.0,5.1,0.792,1.1,6.3,7.3,3.5,1.0,0.9,2.5,2.8,22.9,17.9,0.554,28.1,5.4,1.8,2.0
Zion Williamson,2019-20,PF,NOP,24.0,24.0,27.8,8.8,15.0,0.583,0.3,0.6,0.429,4.8,7.4,0.64,2.7,3.6,6.3,2.1,0.7,0.4,2.5,1.8,22.5,24.1,0.616,30.5,2.0,2.1,0.7
CJ McCollum,2019-20,SG,POR,70.0,70.0,36.5,8.7,19.4,0.451,2.8,7.3,0.379,2.0,2.6,0.757,0.7,3.6,4.2,4.4,0.8,0.6,1.8,2.6,22.2,17.0,0.541,25.9,4.1,0.5,1.6
DeMar DeRozan,2019-20,SF,SAS,68.0,68.0,34.1,8.2,15.4,0.531,0.1,0.5,0.257,5.6,6.6,0.845,0.6,4.9,5.5,5.6,1.0,0.3,2.4,2.6,22.1,21.6,0.603,26.3,7.3,1.9,2.3
Andrew Wiggins,2019-20,SF,2TM,54.0,54.0,34.4,8.1,18.1,0.447,2.1,6.2,0.332,3.5,5.0,0.709,1.2,3.9,5.1,3.7,0.8,1.0,2.4,2.4,21.8,16.4,0.536,27.4,1.9,-0.3,0.8
John Collins,2019-20,PF,ATL,41.0,41.0,33.2,8.6,14.8,0.583,1.4,3.6,0.401,2.9,3.7,0.8,2.8,7.3,10.1,1.5,0.8,1.6,1.8,3.4,21.6,23.5,0.659,22.7,4.9,3.1,1.7
Paul George,2019-20,SF,LAC,48.0,48.0,29.6,7.1,16.3,0.439,3.3,7.9,0.412,4.0,4.5,0.876,0.5,5.2,5.7,3.9,1.4,0.4,2.6,2.4,21.5,21.1,0.589,29.6,4.8,4.9,2.5
De'Aaron Fox,2019-20,PG,SAC,51.0,49.0,32.0,7.7,16.0,0.48,1.1,3.6,0.292,4.7,6.7,0.705,0.7,3.2,3.8,6.8,1.5,0.5,3.1,2.8,21.1,20.6,0.558,29.8,4.0,1.8,1.6
Khris Middleton,2019-20,SF,MIL,62.0,59.0,29.9,7.6,15.3,0.497,2.4,5.7,0.415,3.4,3.7,0.916,0.7,5.5,6.2,4.3,0.9,0.1,2.2,2.3,20.9,21.1,0.619,26.4,7.9,4.1,2.9
Stephen Curry,2019-20,PG,GSW,5.0,5.0,27.8,6.6,16.4,0.402,2.4,9.8,0.245,5.2,5.2,1.0,0.8,4.4,5.2,6.6,1.0,0.4,3.2,2.2,20.8,21.7,0.557,33.6,0.3,3.9,0.2
Collin Sexton,2019-20,PG,CLE,65.0,65.0,33.0,7.9,16.7,0.472,1.5,3.9,0.38,3.5,4.1,0.846,0.9,2.2,3.1,3.0,1.0,0.1,2.4,2.2,20.8,16.3,0.56,27.2,2.5,-1.8,0.1
Spencer Dinwiddie,2019-20,PG,BRK,64.0,49.0,31.2,6.6,16.0,0.415,1.9,6.3,0.308,5.4,7.0,0.778,0.5,3.0,3.5,6.8,0.6,0.3,2.7,2.8,20.6,17.8,0.541,29.2,4.8,1.8,1.9
Kristaps PorziÅÄ£is,2019-20,C,DAL,57.0,57.0,31.8,7.0,16.4,0.427,2.5,7.1,0.352,4.0,5.0,0.799,1.8,7.7,9.5,1.8,0.7,2.0,1.6,3.2,20.4,20.2,0.551,27.0,5.2,1.9,1.8
Kemba Walker,2019-20,PG,BOS,56.0,56.0,31.1,6.8,15.9,0.425,3.2,8.4,0.381,3.7,4.3,0.864,0.6,3.2,3.9,4.8,0.9,0.5,2.1,1.6,20.4,20.0,0.575,27.2,5.9,4.6,2.9
Jaylen Brown,2019-20,SG,BOS,57.0,57.0,33.9,7.5,15.6,0.481,2.3,5.9,0.382,3.1,4.3,0.724,1.1,5.3,6.4,2.1,1.1,0.4,2.2,2.9,20.3,16.9,0.583,24.7,4.9,0.8,1.4
Bojan BogdanoviÄ,2019-20,SF,UTA,63.0,63.0,33.1,6.6,14.8,0.447,3.0,7.3,0.414,4.0,4.4,0.903,0.6,3.5,4.1,2.1,0.5,0.1,2.5,1.7,20.2,15.6,0.603,25.5,4.2,0.1,1.1
Jimmy Butler,2019-20,SF,MIA,58.0,58.0,33.8,5.9,13.1,0.455,0.5,2.1,0.244,7.6,9.1,0.834,1.8,4.8,6.7,6.0,1.8,0.6,2.2,1.4,19.9,23.6,0.585,25.1,9.0,5.4,3.7
Nikola JokiÄ,2019-20,C,DEN,73.0,73.0,32.0,7.7,14.7,0.528,1.1,3.5,0.314,3.4,4.1,0.817,2.3,7.5,9.7,7.0,1.2,0.6,3.1,3.0,19.9,24.9,0.605,26.6,9.8,7.4,5.5
T.J. Warren,2019-20,SF,IND,67.0,67.0,32.9,8.0,14.9,0.536,1.4,3.4,0.403,2.5,3.0,0.819,1.0,3.2,4.2,1.5,1.2,0.5,1.3,2.8,19.8,18.4,0.61,23.3,6.5,1.1,1.7
Tobias Harris,2019-20,PF,PHI,72.0,72.0,34.3,7.7,16.3,0.471,1.8,5.0,0.367,2.4,3.0,0.806,1.0,5.9,6.9,3.2,0.7,0.6,1.4,2.3,19.6,17.2,0.556,23.9,6.2,0.8,1.8
Nikola VuÄeviÄ,2019-20,C,ORL,62.0,62.0,32.2,8.0,16.7,0.477,1.6,4.7,0.339,2.1,2.7,0.784,2.3,8.6,10.9,3.6,0.9,0.8,1.4,2.2,19.6,21.9,0.549,25.8,6.4,4.2,3.1
Julius Randle,2019-20,PF,NYK,64.0,64.0,32.5,7.2,15.7,0.46,1.0,3.6,0.277,4.0,5.5,0.733,2.4,7.4,9.7,3.1,0.8,0.3,3.0,2.8,19.5,17.5,0.538,27.6,2.7,-0.3,0.9
Kyle Lowry,2019-20,PG,TOR,58.0,58.0,36.2,5.8,13.8,0.416,2.8,8.0,0.352,5.1,5.9,0.857,0.6,4.5,5.0,7.5,1.4,0.4,3.1,3.3,19.4,17.7,0.59,23.1,7.5,3.2,2.8
Buddy Hield,2019-20,SG,SAC,72.0,44.0,30.8,6.9,16.1,0.429,3.8,9.6,0.394,1.6,1.9,0.846,0.8,3.8,4.6,3.0,0.9,0.2,2.3,2.3,19.2,16.0,0.566,27.2,3.0,1.1,1.7
Jrue Holiday,2019-20,SG,NOP,61.0,61.0,34.7,7.5,16.5,0.455,2.0,5.7,0.353,2.1,3.0,0.709,1.3,3.5,4.8,6.7,1.6,0.8,3.0,2.4,19.1,17.0,0.537,24.5,3.9,1.8,2.0
Shai Gilgeous-Alexander,2019-20,SG,OKC,70.0,70.0,34.7,6.8,14.5,0.471,1.2,3.6,0.347,4.1,5.1,0.807,0.7,5.2,5.9,3.3,1.1,0.7,1.9,1.7,19.0,17.7,0.568,23.7,6.1,1.7,2.2
LaMarcus Aldridge,2019-20,C,SAS,53.0,53.0,33.1,7.4,15.0,0.493,1.2,3.0,0.389,3.0,3.6,0.827,1.9,5.5,7.4,2.4,0.7,1.6,1.4,2.4,18.9,19.7,0.571,23.4,4.5,1.4,1.5
Dennis SchrÃ¶der,2019-20,PG,OKC,65.0,2.0,30.8,7.0,14.8,0.469,1.9,5.0,0.385,3.0,3.6,0.839,0.3,3.3,3.6,4.0,0.7,0.2,2.6,2.2,18.9,16.7,0.575,27.2,3.6,-0.1,1.0
Danilo Gallinari,2019-20,PF,OKC,62.0,62.0,29.6,5.8,13.2,0.438,2.9,7.1,0.405,4.3,4.8,0.893,0.5,4.6,5.2,1.9,0.7,0.1,1.2,1.2,18.7,19.5,0.612,24.6,6.3,3.3,2.4
Caris LeVert,2019-20,SG,BRK,45.0,31.0,29.6,6.9,16.3,0.425,1.8,4.9,0.364,3.1,4.4,0.711,1.1,3.1,4.2,4.4,1.2,0.2,2.6,1.8,18.7,16.1,0.514,29.5,1.5,-0.3,0.5
Kelly Oubre Jr.,2019-20,SF,PHO,56.0,55.0,34.5,6.7,14.8,0.452,1.9,5.5,0.352,3.4,4.4,0.78,1.2,5.3,6.4,1.5,1.3,0.7,1.5,3.4,18.7,14.9,0.56,22.4,3.8,-0.5,0.7
Montrezl Harrell,2019-20,C,LAC,63.0,2.0,27.8,7.5,12.9,0.58,0.0,0.3,0.0,3.7,5.6,0.658,2.6,4.5,7.1,1.7,0.6,1.1,1.7,2.3,18.6,23.2,0.607,25.7,7.0,2.9,2.2
Evan Fournier,2019-20,SF,ORL,66.0,66.0,31.5,6.6,14.1,0.467,2.6,6.6,0.399,2.7,3.3,0.818,0.3,2.3,2.6,3.2,1.1,0.2,1.9,2.4,18.5,16.4,0.595,23.9,4.6,1.0,1.6
Jamal Murray,2019-20,PG,DEN,59.0,59.0,32.3,6.9,15.2,0.456,1.9,5.5,0.346,2.8,3.1,0.881,0.8,3.2,4.0,4.8,1.1,0.3,2.2,1.7,18.5,17.7,0.559,25.2,4.3,1.2,1.5
Domantas Sabonis,2019-20,PF,IND,62.0,62.0,34.8,7.4,13.7,0.54,0.3,1.1,0.254,3.5,4.8,0.723,3.0,9.4,12.4,5.0,0.8,0.5,2.7,3.1,18.5,20.7,0.586,23.3,7.5,3.2,2.9
Deandre Ayton,2019-20,C,PHO,38.0,32.0,32.5,8.2,14.9,0.546,0.1,0.3,0.231,1.8,2.3,0.753,3.9,7.6,11.5,1.9,0.7,1.5,2.1,3.1,18.2,20.0,0.568,23.7,3.1,0.4,0.7
Devonte' Graham,2019-20,PG,CHO,63.0,53.0,35.1,5.8,15.3,0.382,3.5,9.3,0.373,3.0,3.7,0.82,0.7,2.7,3.4,7.5,1.0,0.2,2.9,1.8,18.2,15.8,0.537,24.8,3.4,0.5,1.4
Lou Williams,2019-20,PG,LAC,65.0,8.0,28.7,6.0,14.4,0.418,1.7,4.8,0.352,4.5,5.2,0.861,0.5,2.6,3.1,5.6,0.7,0.2,2.8,1.2,18.2,17.3,0.546,28.4,4.1,0.7,1.3
Derrick Rose,2019-20,PG,DET,50.0,15.0,26.0,7.4,15.1,0.49,0.9,2.9,0.306,2.4,2.8,0.871,0.5,1.9,2.4,5.6,0.8,0.3,2.5,1.0,18.1,21.0,0.555,31.6,2.5,2.2,1.4
Terry Rozier,2019-20,PG,CHO,63.0,63.0,34.3,6.3,14.9,0.423,2.7,6.7,0.407,2.6,3.0,0.874,0.8,3.6,4.4,4.1,1.0,0.2,2.2,2.0,18.0,14.8,0.553,23.7,3.0,-0.4,0.8
Ja Morant,2019-20,PG,MEM,67.0,67.0,31.0,6.7,14.0,0.477,0.9,2.7,0.335,3.6,4.6,0.776,0.8,3.1,3.9,7.3,0.9,0.3,3.3,1.6,17.8,17.4,0.556,25.9,3.8,0.3,1.2
Andre Drummond,2019-20,C,2TM,57.0,56.0,33.0,7.3,13.8,0.533,0.1,0.6,0.143,3.0,5.2,0.575,4.4,10.8,15.2,2.7,1.9,1.6,3.6,3.5,17.7,22.0,0.553,25.9,4.2,0.9,1.4
Kevin Love,2019-20,PF,CLE,56.0,56.0,31.8,5.8,13.0,0.45,2.6,7.0,0.374,3.3,3.9,0.854,1.0,8.8,9.8,3.2,0.6,0.3,2.5,1.6,17.6,17.9,0.599,23.1,3.8,2.0,1.8
Jusuf NurkiÄ,2019-20,C,POR,8.0,8.0,31.6,6.8,13.6,0.495,0.3,1.3,0.2,3.9,4.4,0.886,2.9,7.4,10.3,4.0,1.4,2.0,2.4,4.9,17.6,22.6,0.567,24.0,0.9,2.0,0.2
Chris Paul,2019-20,PG,OKC,70.0,70.0,31.5,6.2,12.7,0.489,1.6,4.3,0.365,3.6,4.0,0.907,0.4,4.6,5.0,6.7,1.6,0.2,2.3,2.3,17.6,21.7,0.61,23.3,8.9,4.4,3.5
Fred VanVleet,2019-20,SG,TOR,54.0,54.0,35.7,5.9,14.3,0.413,2.7,6.9,0.39,3.1,3.7,0.848,0.3,3.4,3.8,6.6,1.9,0.3,2.2,2.4,17.6,16.3,0.553,21.7,5.8,2.7,2.3
Gordon Hayward,2019-20,SF,BOS,52.0,52.0,33.5,6.7,13.5,0.5,1.6,4.3,0.383,2.4,2.8,0.855,1.1,5.6,6.7,4.1,0.7,0.4,1.8,1.8,17.5,18.1,0.595,21.1,5.7,2.7,2.0
Jaren Jackson Jr.,2019-20,C,MEM,57.0,57.0,28.5,6.2,13.2,0.469,2.5,6.5,0.394,2.4,3.3,0.747,1.0,3.6,4.6,1.4,0.7,1.6,1.7,4.1,17.4,16.3,0.593,24.0,3.5,0.4,1.0
Marcus Morris,2019-20,PF,2TM,62.0,62.0,31.2,5.7,13.1,0.438,2.3,5.6,0.408,2.9,3.5,0.823,1.0,4.1,5.0,1.4,0.8,0.5,1.6,2.9,16.7,14.3,0.57,21.9,3.6,-0.1,0.9
Malcolm Brogdon,2019-20,PG,IND,54.0,54.0,30.9,6.0,13.8,0.438,1.4,4.3,0.326,3.1,3.4,0.892,0.9,4.0,4.9,7.1,0.6,0.2,2.4,1.8,16.5,17.7,0.541,25.2,4.0,1.8,1.6
Ben Simmons,2019-20,PG,PHI,57.0,57.0,35.4,6.6,11.4,0.58,0.0,0.1,0.286,3.2,5.2,0.621,2.0,5.8,7.8,8.0,2.1,0.6,3.5,3.3,16.4,20.4,0.602,20.9,6.9,3.6,2.8
Dillon Brooks,2019-20,SG,MEM,73.0,73.0,28.9,6.0,14.6,0.407,2.0,5.6,0.358,2.2,2.8,0.808,0.9,2.4,3.3,2.1,0.9,0.4,1.7,3.8,16.2,11.3,0.51,25.2,1.2,-4.1,-1.1
Goran DragiÄ,2019-20,PG,MIA,59.0,3.0,28.2,5.4,12.3,0.441,2.1,5.7,0.367,3.2,4.2,0.776,0.5,2.7,3.2,5.1,0.7,0.2,2.4,2.1,16.2,16.3,0.573,25.9,3.5,-0.1,0.8
Norman Powell,2019-20,SG,TOR,52.0,26.0,28.4,5.7,11.5,0.495,2.1,5.3,0.399,2.5,2.9,0.843,0.5,3.2,3.7,1.8,1.2,0.4,1.5,2.1,16.0,16.8,0.624,21.5,4.6,2.0,1.5
Bam Adebayo,2019-20,PF,MIA,72.0,72.0,33.6,6.1,11.0,0.557,0.0,0.2,0.143,3.7,5.3,0.691,2.4,7.8,10.2,5.1,1.1,1.3,2.8,2.5,15.9,20.3,0.598,21.2,8.5,3.4,3.3
Tim Hardaway Jr.,2019-20,SG,DAL,71.0,58.0,29.5,5.4,12.5,0.434,2.9,7.2,0.398,2.1,2.6,0.819,0.4,2.9,3.3,1.9,0.6,0.1,1.0,1.8,15.8,14.5,0.581,21.1,4.4,-0.1,1.0
Luke Kennard,2019-20,SG,DET,28.0,25.0,32.9,5.4,12.2,0.442,2.6,6.5,0.399,2.4,2.7,0.893,0.3,3.2,3.5,4.1,0.4,0.2,1.5,2.3,15.8,14.4,0.589,19.8,1.9,-0.3,0.4
Blake Griffin,2019-20,PF,DET,18.0,18.0,28.4,4.9,13.9,0.352,1.5,6.2,0.243,4.2,5.4,0.776,0.9,3.7,4.7,3.3,0.4,0.4,2.2,1.5,15.5,11.9,0.476,28.4,-0.1,-4.3,-0.3
Hassan Whiteside,2019-20,C,POR,67.0,61.0,30.0,6.5,10.5,0.621,0.1,0.1,0.571,2.4,3.6,0.686,3.9,9.7,13.5,1.2,0.4,2.9,1.8,2.9,15.5,25.0,0.644,19.6,8.5,3.2,2.6
Carmelo Anthony,2019-20,PF,POR,58.0,58.0,32.8,5.8,13.5,0.43,1.5,3.9,0.385,2.3,2.8,0.845,1.2,5.1,6.3,1.5,0.8,0.5,1.7,2.9,15.4,12.4,0.525,21.2,1.3,-3.6,-0.8
DÄvis BertÄns,2019-20,PF,WAS,54.0,4.0,29.3,4.9,11.3,0.434,3.7,8.7,0.424,1.9,2.3,0.852,0.6,3.9,4.5,1.7,0.7,0.6,1.1,2.6,15.4,15.5,0.628,19.0,3.5,0.9,1.1
Serge Ibaka,2019-20,C,TOR,55.0,27.0,27.0,6.2,12.2,0.512,1.3,3.3,0.385,1.6,2.3,0.718,2.1,6.1,8.2,1.4,0.5,0.8,2.0,2.8,15.4,17.3,0.583,24.0,3.9,0.1,0.8
Kendrick Nunn,2019-20,PG,MIA,67.0,67.0,29.3,6.0,13.6,0.439,2.0,5.8,0.35,1.3,1.5,0.85,0.3,2.4,2.7,3.3,0.8,0.2,1.7,2.3,15.3,12.9,0.534,24.1,2.0,-2.3,-0.1
JJ Redick,2019-20,SG,NOP,60.0,36.0,26.4,4.8,10.5,0.453,3.0,6.6,0.453,2.8,3.1,0.892,0.2,2.4,2.5,2.0,0.3,0.2,1.3,1.6,15.3,15.4,0.644,20.4,4.1,0.7,1.1
Jordan Clarkson,2019-20,SG,2TM,71.0,2.0,24.0,5.5,12.2,0.454,2.1,5.8,0.368,1.9,2.3,0.836,0.7,1.9,2.6,1.9,0.6,0.2,1.4,1.5,15.2,17.3,0.574,26.3,3.4,1.1,1.3
Will Barton,2019-20,SF,DEN,58.0,58.0,33.0,5.7,12.7,0.45,1.9,5.0,0.375,1.8,2.3,0.767,1.3,5.0,6.3,3.7,1.1,0.5,1.5,2.1,15.1,15.6,0.549,20.1,4.2,1.1,1.5
Bogdan BogdanoviÄ,2019-20,SG,SAC,61.0,28.0,29.0,5.5,12.6,0.44,2.7,7.2,0.372,1.4,1.9,0.741,0.4,3.0,3.4,3.4,1.0,0.2,1.7,2.2,15.1,15.2,0.565,22.6,3.1,0.6,1.2
Rudy Gobert,2019-20,C,UTA,68.0,68.0,34.3,5.7,8.2,0.693,0.0,0.0,,3.7,5.9,0.63,3.4,10.1,13.5,1.5,0.8,2.0,1.9,3.2,15.1,21.7,0.699,16.2,10.7,3.6,3.3
Alec Burks,2019-20,SF,2TM,66.0,19.0,26.6,4.9,11.6,0.418,1.8,4.6,0.385,3.6,4.0,0.887,0.7,3.5,4.3,2.9,0.9,0.3,1.4,1.9,15.0,16.7,0.561,23.8,3.7,0.5,1.1
Eric Bledsoe,2019-20,PG,MIL,61.0,61.0,27.0,5.5,11.5,0.475,1.2,3.5,0.344,2.8,3.5,0.79,0.7,3.9,4.6,5.4,0.9,0.4,2.4,2.1,14.9,17.6,0.571,23.7,5.4,1.8,1.6
Jonas ValanÄiÅ«nas,2019-20,C,MEM,70.0,70.0,26.4,6.2,10.6,0.585,0.5,1.3,0.352,2.1,2.9,0.74,3.0,8.2,11.3,1.9,0.4,1.1,1.8,2.6,14.9,22.2,0.631,21.5,7.0,2.4,2.0
Lauri Markkanen,2019-20,PF,CHI,50.0,50.0,29.8,5.0,11.8,0.425,2.2,6.3,0.344,2.5,3.1,0.824,1.2,5.1,6.3,1.5,0.8,0.5,1.6,1.9,14.7,14.3,0.56,21.1,2.6,-0.6,0.5
Terrence Ross,2019-20,SG,ORL,69.0,0.0,27.4,4.9,12.3,0.403,2.6,7.3,0.351,2.3,2.7,0.853,0.2,3.0,3.2,1.2,1.1,0.3,1.0,1.6,14.7,14.0,0.548,22.8,3.0,-0.4,0.8
Harrison Barnes,2019-20,PF,SAC,72.0,72.0,34.5,5.1,11.0,0.46,1.4,3.7,0.381,3.0,3.7,0.801,1.1,3.9,4.9,2.2,0.6,0.2,1.2,1.3,14.5,13.3,0.574,17.4,4.6,-1.3,0.5
Joe Harris,2019-20,SF,BRK,69.0,69.0,30.8,5.5,11.4,0.486,2.5,5.9,0.424,0.9,1.3,0.719,0.9,3.4,4.3,2.1,0.6,0.2,1.5,2.3,14.5,13.3,0.606,18.3,4.3,-0.2,1.0
Victor Oladipo,2019-20,SG,IND,19.0,16.0,27.8,5.1,12.9,0.394,1.7,5.5,0.317,2.5,3.1,0.814,0.5,3.5,3.9,2.9,0.9,0.2,2.5,1.9,14.5,11.3,0.506,26.5,0.0,-3.3,-0.2
Mike Conley,2019-20,PG,UTA,47.0,41.0,29.0,4.9,12.1,0.409,2.0,5.4,0.375,2.4,3.0,0.827,0.7,2.5,3.2,4.4,0.8,0.1,2.0,2.2,14.4,14.1,0.537,23.1,2.5,0.3,0.8
Aaron Gordon,2019-20,PF,ORL,62.0,62.0,32.5,5.4,12.4,0.437,1.2,3.8,0.308,2.4,3.6,0.674,1.7,5.9,7.7,3.7,0.8,0.6,1.6,2.0,14.4,15.1,0.516,20.7,3.7,0.0,1.0
Eric Gordon,2019-20,SF,HOU,36.0,15.0,28.2,4.8,12.9,0.369,2.7,8.4,0.317,2.3,3.0,0.766,0.3,1.7,2.0,1.5,0.6,0.4,1.2,1.9,14.4,10.3,0.51,22.5,0.5,-3.9,-0.5
RJ Barrett,2019-20,SG,NYK,56.0,55.0,30.4,5.2,13.0,0.402,1.1,3.5,0.32,2.8,4.5,0.614,0.9,4.1,5.0,2.6,1.0,0.3,2.2,2.2,14.3,10.7,0.479,24.0,-0.5,-4.3,-1.0
Marvin Bagley III,2019-20,C,SAC,13.0,6.0,25.7,6.0,12.8,0.467,0.3,1.7,0.182,1.9,2.4,0.806,2.2,5.2,7.5,0.8,0.5,0.9,1.4,3.3,14.2,15.6,0.512,25.8,0.4,-3.5,-0.1
Jabari Parker,2019-20,PF,2TM,38.0,23.0,24.1,5.8,11.3,0.51,0.8,3.1,0.269,1.6,2.1,0.753,1.6,4.0,5.6,1.8,1.2,0.4,1.7,2.6,14.0,18.0,0.571,24.0,1.6,0.3,0.5
Eric Paschall,2019-20,PF,GSW,60.0,26.0,27.6,5.3,10.7,0.497,0.6,2.2,0.287,2.7,3.5,0.774,1.4,3.2,4.6,2.1,0.5,0.2,1.6,2.1,14.0,14.5,0.571,21.4,2.1,-2.7,-0.3
Clint Capela,2019-20,C,HOU,39.0,39.0,32.8,6.3,9.9,0.629,0.0,0.0,,1.4,2.7,0.529,4.3,9.5,13.8,1.2,0.8,1.8,1.6,2.6,13.9,20.6,0.626,16.1,4.9,1.4,1.1
Josh Richardson,2019-20,SG,PHI,55.0,53.0,30.8,5.1,11.7,0.43,1.5,4.5,0.341,2.1,2.6,0.809,0.7,2.4,3.2,2.9,0.9,0.7,1.9,2.5,13.7,12.0,0.533,20.6,2.1,-1.8,0.1
Rui Hachimura,2019-20,PF,WAS,48.0,48.0,30.1,5.3,11.4,0.466,0.5,1.8,0.287,2.4,2.9,0.829,1.6,4.5,6.1,1.8,0.8,0.2,1.1,2.2,13.5,13.5,0.535,19.0,1.8,-3.2,-0.4
Tyler Herro,2019-20,SG,MIA,55.0,8.0,27.4,4.9,11.5,0.428,2.1,5.4,0.389,1.6,1.8,0.87,0.3,3.8,4.1,2.2,0.6,0.2,1.6,1.4,13.5,12.5,0.55,22.3,1.6,-1.6,0.1
Duncan Robinson,2019-20,SG,MIA,73.0,68.0,29.7,4.4,9.4,0.47,3.7,8.3,0.446,0.9,1.0,0.931,0.1,3.0,3.2,1.4,0.5,0.3,1.0,2.6,13.5,13.1,0.684,16.0,5.3,0.5,1.3
Thomas Bryant,2019-20,C,WAS,46.0,36.0,24.9,5.3,9.1,0.581,0.8,2.0,0.407,1.9,2.5,0.741,2.1,5.1,7.2,1.8,0.5,1.1,1.2,2.2,13.2,21.1,0.649,18.9,3.9,2.2,1.2
Coby White,2019-20,PG,CHI,65.0,1.0,25.8,4.8,12.2,0.394,2.0,5.8,0.354,1.6,2.0,0.791,0.4,3.1,3.5,2.7,0.8,0.1,1.7,1.8,13.2,11.9,0.506,24.4,0.9,-2.9,-0.4
Christian Wood,2019-20,PF,DET,62.0,12.0,21.4,4.6,8.2,0.567,0.9,2.3,0.386,2.9,3.9,0.744,1.7,4.6,6.3,1.0,0.5,0.9,1.4,1.6,13.1,23.2,0.659,23.0,5.1,3.1,1.7
Miles Bridges,2019-20,SF,CHO,65.0,64.0,30.7,4.9,11.6,0.424,1.5,4.6,0.33,1.6,2.0,0.809,1.4,4.2,5.6,1.8,0.6,0.7,1.5,2.0,13.0,12.1,0.52,20.0,1.6,-2.5,-0.3
Ricky Rubio,2019-20,PG,PHO,65.0,65.0,31.0,4.4,10.6,0.415,1.2,3.3,0.361,3.0,3.5,0.863,0.7,4.0,4.7,8.8,1.4,0.2,2.7,2.6,13.0,16.5,0.535,20.4,4.9,1.0,1.5
Marcus Smart,2019-20,SG,BOS,60.0,40.0,32.0,4.3,11.4,0.375,2.3,6.6,0.347,2.1,2.5,0.836,0.7,3.1,3.8,4.9,1.7,0.5,1.7,2.7,12.9,13.8,0.518,18.9,4.5,1.4,1.6
Kyle Kuzma,2019-20,PF,LAL,61.0,9.0,25.0,4.8,11.0,0.436,1.4,4.5,0.316,1.9,2.5,0.735,0.9,3.6,4.5,1.3,0.5,0.4,1.5,2.1,12.8,12.2,0.531,22.9,2.0,-2.6,-0.2
Damion Lee,2019-20,SG,GSW,49.0,36.0,29.0,4.3,10.4,0.417,1.7,4.9,0.356,2.2,2.6,0.873,0.7,4.2,4.9,2.7,1.0,0.1,1.4,2.4,12.7,12.7,0.548,19.0,1.7,-2.3,-0.1
Jeremy Lamb,2019-20,SG,IND,46.0,42.0,28.1,4.7,10.4,0.451,1.2,3.4,0.335,2.0,2.4,0.836,0.5,3.8,4.3,2.1,1.2,0.5,1.1,2.3,12.5,14.0,0.547,19.6,2.7,-0.4,0.5
Robert Covington,2019-20,C,2TM,70.0,68.0,30.5,4.4,10.3,0.422,2.3,6.9,0.335,1.4,1.8,0.798,0.9,5.7,6.6,1.3,1.6,1.3,1.5,3.1,12.4,13.3,0.559,17.0,3.7,0.0,1.1
Seth Curry,2019-20,SG,DAL,64.0,25.0,24.6,4.4,9.0,0.495,2.3,5.0,0.452,1.3,1.5,0.825,0.4,1.8,2.3,1.9,0.6,0.1,1.0,1.8,12.4,15.5,0.643,18.4,4.3,0.8,1.2
Darius Garland,2019-20,SG,CLE,59.0,59.0,30.9,4.7,11.8,0.401,1.8,5.0,0.355,1.1,1.2,0.875,0.5,1.4,1.9,3.9,0.7,0.1,2.6,1.6,12.3,8.5,0.498,20.7,-1.3,-5.5,-1.7
Richaun Holmes,2019-20,C,SAC,44.0,38.0,28.2,5.1,7.8,0.648,0.0,0.0,,2.1,2.7,0.788,2.9,5.3,8.1,1.0,0.9,1.3,1.2,3.8,12.3,19.7,0.681,15.6,4.9,1.0,0.9
De'Andre Hunter,2019-20,SF,ATL,63.0,62.0,32.0,4.4,10.8,0.41,1.7,4.8,0.355,1.7,2.3,0.764,0.7,3.8,4.5,1.8,0.7,0.3,1.6,2.9,12.3,8.6,0.521,17.5,0.1,-4.7,-1.4
Kevin Huerter,2019-20,SG,ATL,56.0,48.0,31.4,4.5,10.9,0.413,2.3,6.0,0.38,0.9,1.1,0.828,0.6,3.4,4.1,3.8,0.9,0.5,1.6,2.5,12.2,11.5,0.536,17.1,1.6,-1.6,0.2
Isaiah Thomas,2019-20,PG,WAS,40.0,37.0,23.1,4.4,10.7,0.408,2.0,4.7,0.413,1.6,1.9,0.816,0.3,1.4,1.7,3.7,0.3,0.2,1.9,1.9,12.2,11.6,0.531,24.1,0.0,-4.4,-0.5
P.J. Washington,2019-20,PF,CHO,58.0,57.0,30.3,4.6,10.2,0.455,1.5,4.0,0.374,1.5,2.3,0.647,1.0,4.4,5.4,2.1,0.9,0.8,1.6,2.7,12.2,12.4,0.547,18.6,2.0,-1.6,0.2
Brandon Clarke,2019-20,PF,MEM,58.0,4.0,22.4,5.1,8.3,0.618,0.4,1.1,0.359,1.5,1.9,0.759,1.6,4.4,5.9,1.4,0.6,0.8,0.9,1.7,12.1,20.9,0.663,18.7,5.0,3.1,1.7
Markelle Fultz,2019-20,PG,ORL,72.0,60.0,27.7,5.0,10.7,0.465,0.5,1.9,0.267,1.6,2.2,0.73,0.6,2.7,3.3,5.1,1.3,0.2,2.0,2.0,12.1,14.3,0.517,21.4,2.7,-1.8,0.1
Taurean Prince,2019-20,PF,BRK,64.0,61.0,29.0,4.3,11.5,0.376,2.3,6.7,0.339,1.1,1.4,0.798,0.8,5.2,6.0,1.8,0.9,0.4,2.0,2.5,12.1,9.1,0.497,20.4,0.6,-2.9,-0.4
Myles Turner,2019-20,C,IND,62.0,62.0,29.5,4.3,9.5,0.457,1.4,4.0,0.344,2.0,2.7,0.751,1.4,5.2,6.6,1.2,0.7,2.1,1.4,2.7,12.1,14.8,0.566,17.9,4.2,0.1,1.0
Jerami Grant,2019-20,PF,DEN,71.0,24.0,26.6,4.3,8.9,0.478,1.4,3.5,0.389,2.1,2.8,0.75,0.8,2.7,3.5,1.2,0.7,0.8,0.9,2.2,12.0,14.4,0.591,18.0,4.4,-0.5,0.7
Brook Lopez,2019-20,C,MIL,68.0,67.0,26.7,4.3,9.9,0.435,1.5,4.8,0.314,1.9,2.2,0.836,0.9,3.7,4.6,1.5,0.7,2.4,1.0,2.4,12.0,15.0,0.551,18.3,5.5,2.0,1.9
Tristan Thompson,2019-20,C,CLE,57.0,51.0,30.2,5.1,9.9,0.512,0.2,0.4,0.391,1.7,2.8,0.615,4.0,6.2,10.1,2.1,0.6,0.9,1.8,2.2,12.0,16.8,0.54,18.3,3.1,-1.5,0.2
Reggie Jackson,2019-20,PG,2TM,31.0,16.0,24.0,4.3,10.5,0.411,1.8,4.7,0.393,1.5,1.7,0.833,0.5,2.4,3.0,4.1,0.4,0.2,1.6,1.9,11.9,13.7,0.529,23.1,1.1,-0.4,0.3
Al Horford,2019-20,C,PHI,67.0,61.0,30.2,4.8,10.6,0.45,1.5,4.2,0.35,0.9,1.2,0.763,1.5,5.3,6.8,4.0,0.8,0.9,1.2,2.1,11.9,15.7,0.536,17.5,5.4,2.2,2.2
Jonathan Isaac,2019-20,PF,ORL,34.0,32.0,28.8,4.6,9.8,0.47,0.9,2.8,0.34,1.8,2.3,0.779,1.7,5.1,6.8,1.4,1.6,2.3,1.4,2.4,11.9,17.3,0.552,18.3,2.5,2.3,1.1
Otto Porter Jr.,2019-20,SF,CHI,14.0,9.0,23.6,4.4,10.0,0.443,1.7,4.4,0.387,1.4,1.9,0.704,0.9,2.5,3.4,1.8,1.1,0.4,0.8,2.2,11.9,15.8,0.55,21.0,0.8,1.0,0.3
Lonzo Ball,2019-20,PG,NOP,63.0,54.0,32.1,4.4,10.9,0.403,2.3,6.3,0.375,0.7,1.2,0.566,1.1,5.0,6.1,7.0,1.4,0.6,3.1,2.0,11.8,13.1,0.517,18.5,2.4,0.6,1.3
Glenn Robinson III,2019-20,SF,2TM,62.0,52.0,28.8,4.6,9.5,0.486,1.2,3.2,0.391,1.2,1.4,0.86,1.3,3.0,4.4,1.5,0.9,0.3,0.9,1.6,11.7,13.3,0.577,16.4,2.9,-1.7,0.1
Patty Mills,2019-20,PG,SAS,66.0,1.0,22.5,3.9,9.1,0.431,2.3,6.1,0.382,1.5,1.7,0.866,0.3,1.3,1.6,1.8,0.8,0.1,0.8,1.6,11.6,14.8,0.592,20.4,2.8,0.0,0.8
Paul Millsap,2019-20,PF,DEN,51.0,48.0,24.3,4.1,8.6,0.482,1.1,2.4,0.435,2.3,2.8,0.816,1.9,3.8,5.7,1.6,0.9,0.6,1.4,2.9,11.6,16.9,0.591,20.0,3.5,0.1,0.7
Jordan McRae,2019-20,SG,3TM,37.0,4.0,21.2,4.0,9.9,0.407,1.2,3.4,0.357,2.2,2.9,0.761,0.5,2.9,3.4,2.5,0.6,0.4,1.2,2.0,11.5,14.2,0.515,24.4,0.7,-1.5,0.1
Aron Baynes,2019-20,C,PHO,42.0,28.0,22.2,4.4,9.1,0.48,1.4,4.0,0.351,1.3,1.8,0.747,1.7,4.0,5.6,1.6,0.2,0.5,1.2,3.4,11.5,15.2,0.581,21.1,2.1,-1.0,0.2
Nemanja Bjelica,2019-20,PF,SAC,72.0,67.0,27.9,4.4,9.1,0.481,1.9,4.4,0.419,1.0,1.2,0.821,1.5,4.8,6.4,2.8,0.9,0.6,1.4,3.0,11.5,15.7,0.602,17.0,5.3,1.8,1.9
Wendell Carter Jr.,2019-20,C,CHI,43.0,43.0,29.2,4.3,8.0,0.534,0.1,0.7,0.207,2.6,3.5,0.737,3.2,6.2,9.4,1.2,0.8,0.8,1.7,3.8,11.3,15.5,0.59,16.4,3.3,-2.4,-0.1
Derrick White,2019-20,SG,SAS,68.0,20.0,24.7,3.7,8.1,0.458,1.2,3.2,0.366,2.6,3.1,0.853,0.5,2.8,3.3,3.5,0.6,0.9,1.3,2.2,11.3,16.4,0.593,18.9,4.2,1.3,1.4
Justise Winslow,2019-20,SG,MIA,11.0,5.0,32.0,4.5,11.7,0.388,0.5,2.5,0.222,1.6,2.5,0.667,1.5,5.2,6.6,4.0,0.6,0.5,2.2,3.5,11.3,8.5,0.44,20.6,0.0,-3.6,-0.1
Malik Beasley,2019-20,SG,2TM,55.0,14.0,22.0,4.1,9.7,0.425,1.9,5.0,0.388,1.0,1.2,0.818,0.3,2.4,2.7,1.4,0.7,0.1,1.0,1.4,11.2,12.7,0.546,21.8,1.2,-2.1,0.0
Bryn Forbes,2019-20,SG,SAS,63.0,62.0,25.1,3.8,9.2,0.417,2.3,6.0,0.388,1.2,1.4,0.833,0.2,1.8,2.0,1.7,0.5,0.0,0.9,1.8,11.2,11.1,0.57,18.5,1.5,-2.7,-0.3
Dion Waiters,2019-20,SG,2TM,10.0,0.0,20.7,4.1,9.9,0.414,1.5,4.7,0.319,1.4,1.7,0.824,0.2,2.2,2.4,2.0,0.4,0.6,1.6,2.1,11.1,11.5,0.521,25.2,0.1,-1.2,0.0
Jarrett Allen,2019-20,C,BRK,70.0,64.0,26.5,4.3,6.6,0.649,0.0,0.1,0.0,2.4,3.9,0.633,3.1,6.5,9.6,1.6,0.6,1.3,1.1,2.3,11.1,20.7,0.664,14.9,8.2,2.3,2.0
Cody Zeller,2019-20,C,CHO,58.0,39.0,23.1,4.3,8.3,0.524,0.3,1.3,0.24,2.1,3.1,0.682,2.8,4.3,7.1,1.5,0.7,0.4,1.3,2.4,11.1,18.8,0.576,20.8,3.6,-0.6,0.5
Rodney Hood,2019-20,SF,POR,21.0,21.0,29.5,4.1,8.2,0.506,1.7,3.4,0.493,1.0,1.3,0.778,0.5,3.0,3.4,1.5,0.8,0.2,0.9,2.2,11.0,12.2,0.625,13.9,1.1,-0.9,0.2
Mychal Mulder,2019-20,SF,GSW,7.0,3.0,29.1,3.7,9.6,0.388,2.3,7.4,0.308,1.3,1.7,0.75,0.4,2.9,3.3,1.1,0.3,0.1,0.7,2.9,11.0,7.8,0.533,16.2,0.1,-6.0,-0.2
Cedi Osman,2019-20,SF,CLE,65.0,65.0,29.4,4.1,9.4,0.437,1.9,4.9,0.383,1.0,1.4,0.67,0.6,3.0,3.6,2.4,0.8,0.2,1.4,2.5,11.0,10.7,0.552,16.6,1.6,-2.6,-0.3
Jeff Teague,2019-20,PG,2TM,59.0,17.0,24.8,3.6,8.3,0.436,0.7,2.0,0.368,2.9,3.3,0.873,0.5,1.9,2.4,5.2,0.7,0.3,2.0,1.8,10.9,14.6,0.557,19.5,2.5,-1.5,0.2
Steven Adams,2019-20,C,OKC,63.0,63.0,26.7,4.5,7.6,0.592,0.0,0.0,0.333,1.9,3.2,0.582,3.3,6.0,9.3,2.3,0.8,1.1,1.5,1.9,10.9,20.5,0.604,17.3,6.5,2.9,2.1
Dejounte Murray,2019-20,PG,SAS,66.0,58.0,25.6,4.5,9.7,0.462,0.6,1.7,0.369,1.4,1.7,0.798,1.0,4.8,5.8,4.1,1.7,0.3,1.9,2.2,10.9,16.2,0.524,20.8,2.6,0.4,1.0
Cameron Payne,2019-20,SG,PHO,8.0,0.0,22.9,4.1,8.5,0.485,1.9,3.6,0.517,0.8,0.9,0.857,0.5,3.4,3.9,3.0,1.0,0.3,1.4,2.5,10.9,15.7,0.612,19.1,0.5,1.7,0.2
Ish Smith,2019-20,PG,WAS,68.0,23.0,26.3,4.5,10.1,0.447,0.9,2.5,0.367,0.9,1.3,0.721,0.4,2.8,3.2,4.9,0.9,0.4,1.4,1.6,10.9,13.9,0.509,19.1,1.9,-1.3,0.3
Rudy Gay,2019-20,PF,SAS,67.0,5.0,21.8,4.0,8.9,0.446,1.1,3.3,0.336,1.8,2.0,0.882,0.9,4.5,5.4,1.7,0.5,0.5,1.3,1.5,10.8,15.4,0.553,22.0,2.1,-0.8,0.4
Dario Å ariÄ,2019-20,PF,PHO,66.0,51.0,24.7,3.9,8.2,0.476,1.3,3.6,0.357,1.6,1.9,0.844,1.5,4.6,6.2,1.9,0.6,0.2,1.3,2.4,10.7,14.2,0.592,17.8,3.6,-0.4,0.7
OG Anunoby,2019-20,SF,TOR,69.0,68.0,29.9,4.1,8.2,0.505,1.3,3.3,0.39,1.0,1.5,0.706,1.2,4.1,5.3,1.6,1.4,0.7,1.1,2.4,10.6,13.2,0.6,14.3,5.7,1.2,1.7
Jae Crowder,2019-20,SF,2TM,65.0,53.0,28.8,3.5,8.7,0.401,2.1,6.1,0.343,1.5,1.9,0.776,0.8,5.1,5.9,2.5,1.1,0.4,1.1,2.2,10.5,12.5,0.553,15.5,3.8,-0.1,0.9
D.J. Augustin,2019-20,PG,ORL,57.0,13.0,24.9,3.2,8.1,0.399,1.2,3.5,0.348,2.8,3.2,0.89,0.4,1.8,2.1,4.6,0.6,0.0,1.5,1.3,10.5,14.0,0.554,19.1,2.9,-1.6,0.2
Danuel House Jr.,2019-20,SF,HOU,63.0,52.0,30.4,3.7,8.6,0.427,2.0,5.6,0.363,1.2,1.4,0.811,0.9,3.3,4.2,1.3,1.1,0.5,0.9,2.1,10.5,11.3,0.572,13.7,3.6,-0.7,0.6
Cam Reddish,2019-20,SF,ATL,58.0,34.0,26.7,3.7,9.6,0.384,1.4,4.3,0.332,1.7,2.2,0.802,0.6,3.1,3.7,1.5,1.1,0.5,1.7,2.3,10.5,9.0,0.5,18.9,-0.4,-4.2,-0.9
Troy Brown Jr.,2019-20,SF,WAS,69.0,22.0,25.8,4.0,9.0,0.439,0.9,2.6,0.341,1.6,2.0,0.784,1.1,4.4,5.6,2.6,1.2,0.1,1.1,1.9,10.4,13.7,0.524,17.8,2.4,-1.2,0.3
Gary Harris,2019-20,SG,DEN,56.0,55.0,31.8,3.9,9.3,0.42,1.3,3.8,0.333,1.3,1.6,0.815,0.5,2.4,2.9,2.1,1.4,0.3,1.1,2.1,10.4,9.7,0.519,15.1,1.9,-2.5,-0.2
Shabazz Napier,2019-20,PG,2TM,56.0,32.0,24.0,3.4,8.1,0.412,1.4,4.3,0.317,2.3,2.7,0.824,0.5,2.4,2.8,4.7,1.2,0.2,2.3,1.8,10.3,13.8,0.552,20.0,1.7,-1.1,0.3
Langston Galloway,2019-20,SG,DET,66.0,6.0,25.8,3.6,8.2,0.435,2.0,5.0,0.399,1.1,1.3,0.859,0.5,1.8,2.3,1.5,0.7,0.2,0.6,1.5,10.3,12.3,0.584,15.9,3.1,-0.8,0.5
Doug McDermott,2019-20,PF,IND,69.0,0.0,19.9,3.9,7.9,0.488,1.9,4.3,0.435,0.7,0.8,0.828,0.4,2.1,2.5,1.1,0.2,0.1,0.6,1.7,10.3,14.4,0.62,19.6,3.3,0.0,0.7
Malik Monk,2019-20,SG,CHO,55.0,1.0,21.3,3.9,8.9,0.434,1.1,3.7,0.284,1.5,1.8,0.82,0.5,2.4,2.9,2.1,0.5,0.3,1.4,1.3,10.3,12.6,0.53,22.9,0.7,-2.3,-0.1
Garrett Temple,2019-20,SG,BRK,62.0,35.0,27.9,3.6,9.5,0.378,2.0,6.2,0.329,1.1,1.4,0.805,0.5,3.0,3.5,2.5,0.8,0.5,1.0,1.7,10.3,10.5,0.513,16.6,2.4,-1.1,0.4
Thaddeus Young,2019-20,PF,CHI,64.0,16.0,24.9,4.2,9.4,0.448,1.2,3.5,0.356,0.7,1.1,0.583,1.5,3.5,4.9,1.8,1.4,0.4,1.6,2.1,10.3,13.3,0.521,19.7,1.9,-1.2,0.3
Josh Hart,2019-20,SF,NOP,65.0,16.0,27.0,3.5,8.2,0.423,1.9,5.4,0.342,1.3,1.8,0.739,0.9,5.6,6.5,1.7,1.0,0.4,1.2,2.5,10.1,11.9,0.563,15.3,3.1,-0.7,0.6
Ben McLemore,2019-20,SF,HOU,71.0,23.0,22.8,3.4,7.7,0.444,2.5,6.4,0.4,0.7,0.9,0.746,0.3,1.9,2.2,0.8,0.6,0.2,0.7,2.2,10.1,11.8,0.622,16.0,3.3,-0.5,0.6
Larry Nance Jr.,2019-20,PF,CLE,56.0,10.0,26.3,4.1,7.7,0.531,1.0,2.8,0.352,0.9,1.3,0.676,1.9,5.4,7.3,2.2,1.0,0.4,1.1,1.6,10.1,17.3,0.608,15.2,3.9,1.7,1.4
Bobby Portis,2019-20,PF,NYK,66.0,5.0,21.1,4.0,8.9,0.45,1.0,2.8,0.358,1.1,1.4,0.763,1.2,3.9,5.1,1.5,0.5,0.3,1.1,1.7,10.1,14.6,0.53,21.4,1.9,-1.1,0.3
Elfrid Payton,2019-20,PG,NYK,45.0,36.0,27.7,4.3,9.8,0.439,0.3,1.5,0.203,1.1,1.9,0.57,1.2,3.6,4.7,7.2,1.6,0.4,2.1,2.0,10.0,16.0,0.47,19.5,1.7,0.0,0.6
Kevin Porter Jr.,2019-20,SF,CLE,50.0,3.0,23.2,3.7,8.4,0.442,1.1,3.2,0.335,1.5,2.0,0.723,0.4,2.8,3.2,2.2,0.9,0.3,1.9,2.7,10.0,10.8,0.535,20.5,0.3,-3.8,-0.5
TomÃ¡Å¡ SatoranskÃ½,2019-20,SG,CHI,65.0,64.0,28.9,3.6,8.5,0.43,1.0,3.1,0.322,1.6,1.9,0.876,1.2,2.7,3.9,5.4,1.2,0.1,2.0,2.1,9.9,13.5,0.533,16.7,3.5,-1.2,0.4
Joe Ingles,2019-20,PF,UTA,72.0,45.0,29.7,3.4,7.7,0.445,2.0,4.9,0.399,1.0,1.3,0.787,0.4,3.5,3.9,5.2,0.9,0.2,2.0,2.1,9.8,12.6,0.595,15.1,4.8,0.7,1.5
Furkan Korkmaz,2019-20,SG,PHI,72.0,12.0,21.7,3.4,7.8,0.43,2.0,4.9,0.402,1.1,1.4,0.755,0.3,2.1,2.3,1.1,0.6,0.2,0.8,1.4,9.8,12.0,0.579,18.4,2.8,-1.3,0.3
Markieff Morris,2019-20,PF,2TM,58.0,17.0,20.5,3.5,7.9,0.443,1.5,3.9,0.386,1.1,1.5,0.776,0.7,3.1,3.8,1.3,0.5,0.3,1.3,2.3,9.7,12.5,0.565,20.9,1.4,-2.0,0.0
Frank Kaminsky,2019-20,C,PHO,39.0,13.0,19.9,3.5,7.9,0.45,1.1,3.2,0.331,1.6,2.3,0.678,0.9,3.6,4.5,1.9,0.4,0.3,0.9,1.9,9.7,14.2,0.545,21.0,1.4,-0.5,0.3
Mitchell Robinson,2019-20,C,NYK,61.0,7.0,23.1,4.1,5.6,0.742,0.0,0.0,,1.4,2.4,0.568,3.0,4.0,7.0,0.6,0.9,2.0,0.6,3.2,9.7,23.5,0.726,13.3,6.8,2.9,1.8
Dorian Finney-Smith,2019-20,PF,DAL,71.0,68.0,29.9,3.4,7.4,0.466,1.6,4.3,0.376,1.1,1.5,0.722,2.0,3.7,5.7,1.6,0.6,0.5,1.0,2.5,9.5,12.3,0.595,12.9,4.9,-0.2,0.9
Aaron Holiday,2019-20,PG,IND,66.0,33.0,24.5,3.5,8.5,0.414,1.3,3.3,0.394,1.1,1.3,0.851,0.3,2.0,2.4,3.4,0.8,0.2,1.3,1.8,9.5,11.6,0.521,18.7,2.1,-1.6,0.2
Jeff Green,2019-20,C,2TM,48.0,4.0,20.0,3.3,7.2,0.462,1.3,3.8,0.339,1.5,1.9,0.802,0.5,2.3,2.8,1.0,0.5,0.4,0.9,1.9,9.4,13.7,0.59,19.0,2.1,-0.1,0.5
George Hill,2019-20,PG,MIL,59.0,2.0,21.5,3.3,6.4,0.516,1.4,3.0,0.46,1.4,1.7,0.842,0.8,2.2,3.0,3.1,0.8,0.1,1.0,1.4,9.4,16.9,0.659,15.5,5.5,2.9,1.6
Shake Milton,2019-20,SG,PHI,40.0,24.0,20.1,3.4,6.9,0.484,1.5,3.4,0.43,1.3,1.6,0.785,0.4,1.8,2.2,2.6,0.5,0.2,1.2,2.3,9.4,14.4,0.617,18.9,2.1,-1.0,0.2
Dwight Powell,2019-20,C,DAL,40.0,37.0,26.5,3.7,5.7,0.638,0.3,1.0,0.256,1.9,2.8,0.667,1.9,3.8,5.7,1.5,0.9,0.6,0.9,2.6,9.4,15.9,0.677,12.6,3.6,1.3,0.9
Kentavious Caldwell-Pope,2019-20,SG,LAL,69.0,26.0,25.5,3.4,7.3,0.467,1.3,3.5,0.385,1.1,1.5,0.775,0.6,1.5,2.1,1.6,0.8,0.2,0.9,1.9,9.3,11.0,0.584,14.7,3.7,-0.8,0.5
Marquese Chriss,2019-20,PF,GSW,59.0,21.0,20.3,3.6,6.5,0.545,0.1,0.7,0.205,2.0,2.6,0.769,1.9,4.3,6.2,1.9,0.7,1.1,1.3,2.1,9.3,19.5,0.604,19.0,3.4,0.6,0.8
Michael Porter Jr.,2019-20,SF,DEN,55.0,8.0,16.4,3.5,7.0,0.509,1.1,2.7,0.422,1.1,1.3,0.833,1.2,3.5,4.7,0.8,0.5,0.5,0.9,1.8,9.3,19.8,0.617,22.3,2.9,1.5,0.8
Landry Shamet,2019-20,SG,LAC,53.0,30.0,27.4,3.0,7.4,0.404,2.1,5.6,0.375,1.2,1.4,0.855,0.1,1.8,1.9,1.9,0.4,0.2,0.8,2.7,9.3,8.5,0.58,13.4,2.6,-2.1,0.0
Jarrett Culver,2019-20,SG,MIN,63.0,35.0,23.9,3.7,9.0,0.404,1.0,3.5,0.299,0.9,1.9,0.462,1.1,2.3,3.4,1.7,0.9,0.6,1.3,2.0,9.2,9.6,0.467,19.2,-0.1,-4.0,-0.8
Donte DiVincenzo,2019-20,SG,MIL,66.0,24.0,23.0,3.5,7.7,0.455,1.3,3.7,0.336,1.0,1.3,0.733,1.0,3.8,4.8,2.3,1.3,0.3,1.4,1.7,9.2,14.1,0.557,17.3,4.3,1.3,1.3
Daniel Theis,2019-20,C,BOS,65.0,64.0,24.1,3.7,6.6,0.566,0.5,1.5,0.333,1.3,1.8,0.763,2.2,4.4,6.6,1.7,0.6,1.3,0.8,3.4,9.2,17.9,0.631,14.4,6.5,2.4,1.7
Mikal Bridges,2019-20,SF,PHO,73.0,32.0,28.0,3.4,6.6,0.51,1.0,2.7,0.361,1.4,1.7,0.844,0.9,3.1,4.0,1.8,1.4,0.6,1.0,2.2,9.1,12.9,0.62,12.7,4.8,0.8,1.5
Keldon Johnson,2019-20,SF,SAS,17.0,1.0,17.7,3.1,5.2,0.596,0.8,1.3,0.591,2.1,2.6,0.795,0.6,2.8,3.4,0.9,0.8,0.1,0.8,1.6,9.1,19.1,0.711,17.4,1.1,1.5,0.3
Maxi Kleber,2019-20,PF,DAL,74.0,21.0,25.5,3.2,6.9,0.461,1.6,4.3,0.373,1.1,1.3,0.849,1.5,3.7,5.2,1.2,0.3,1.1,0.8,2.4,9.1,13.6,0.605,13.9,4.8,0.4,1.1
Jake Layman,2019-20,SF,MIN,23.0,2.0,22.0,3.5,7.8,0.453,1.0,3.1,0.333,1.0,1.4,0.75,0.7,1.7,2.5,0.7,0.7,0.4,1.0,2.0,9.1,10.3,0.544,17.7,0.3,-3.7,-0.2
Derrick Favors,2019-20,C,NOP,51.0,49.0,24.4,4.1,6.6,0.617,0.0,0.1,0.143,0.8,1.4,0.563,3.2,6.6,9.8,1.6,0.6,0.9,1.1,2.1,9.0,18.5,0.62,14.0,4.2,1.0,0.9
Josh Jackson,2019-20,SF,MEM,22.0,0.0,17.3,3.2,7.2,0.44,1.0,3.3,0.319,1.6,2.3,0.7,0.5,2.5,3.0,1.6,0.8,0.4,1.3,1.8,9.0,14.1,0.547,22.8,0.5,0.1,0.2
Monte Morris,2019-20,PG,DEN,73.0,12.0,22.4,3.6,7.8,0.459,0.9,2.4,0.378,1.0,1.2,0.843,0.3,1.5,1.9,3.5,0.8,0.2,0.7,1.0,9.0,14.9,0.545,17.5,3.8,-0.2,0.7
Svi Mykhailiuk,2019-20,SF,DET,56.0,27.0,22.6,3.0,7.2,0.41,2.1,5.1,0.404,1.0,1.3,0.814,0.3,1.6,1.9,1.9,0.7,0.1,1.1,1.6,9.0,11.2,0.578,17.1,1.6,-1.9,0.0
Naz Reid,2019-20,C,MIN,30.0,11.0,16.5,3.3,8.1,0.412,1.1,3.2,0.33,1.2,1.8,0.698,1.1,3.0,4.1,1.2,0.6,0.7,0.7,2.8,9.0,15.3,0.505,24.0,0.8,-1.9,0.0
Bruce Brown,2019-20,PG,DET,58.0,43.0,28.2,3.4,7.7,0.443,0.6,1.7,0.344,1.5,2.1,0.739,1.1,3.7,4.7,4.0,1.1,0.5,1.7,2.8,8.9,11.9,0.518,16.0,2.1,-1.2,0.3
Gary Trent Jr.,2019-20,SF,POR,61.0,8.0,21.8,3.2,7.2,0.444,1.8,4.4,0.418,0.6,0.7,0.822,0.4,1.2,1.6,1.0,0.8,0.3,0.3,1.5,8.9,12.9,0.587,15.3,2.5,-0.3,0.6
Kent Bazemore,2019-20,SF,2TM,68.0,21.0,24.8,2.9,7.9,0.375,1.2,3.6,0.344,1.7,2.2,0.769,0.4,3.9,4.3,1.4,1.1,0.6,1.3,2.9,8.8,9.3,0.499,17.5,0.6,-3.0,-0.5
Cameron Johnson,2019-20,PF,PHO,57.0,9.0,22.0,3.1,7.1,0.435,1.9,4.8,0.39,0.8,1.0,0.807,0.9,2.4,3.3,1.2,0.6,0.4,0.6,1.5,8.8,12.9,0.586,15.7,2.7,0.3,0.7
Jordan Poole,2019-20,SG,GSW,57.0,14.0,22.4,2.9,8.8,0.333,1.3,4.6,0.279,1.7,2.1,0.798,0.2,1.9,2.1,2.4,0.6,0.2,1.3,1.6,8.8,7.2,0.454,21.1,-1.2,-6.6,-1.5
Austin Rivers,2019-20,SG,HOU,68.0,4.0,23.4,3.1,7.4,0.421,1.4,4.0,0.356,1.1,1.6,0.703,0.4,2.2,2.6,1.7,0.7,0.1,0.7,1.9,8.8,10.4,0.542,15.6,2.4,-2.5,-0.2
Grayson Allen,2019-20,SG,MEM,38.0,0.0,18.9,3.1,6.6,0.466,1.5,3.7,0.404,1.0,1.2,0.867,0.2,2.0,2.2,1.4,0.3,0.1,0.9,1.4,8.7,12.0,0.609,17.6,1.2,-1.3,0.1
Moritz Wagner,2019-20,C,WAS,45.0,5.0,18.6,3.2,5.9,0.545,0.6,1.8,0.313,1.7,2.1,0.821,1.2,3.6,4.9,1.2,0.6,0.4,1.5,3.4,8.7,15.1,0.638,18.6,1.7,-2.3,-0.1
Avery Bradley,2019-20,SG,LAL,49.0,44.0,24.2,3.5,7.8,0.444,1.3,3.5,0.364,0.4,0.5,0.833,0.4,2.0,2.3,1.3,0.9,0.1,1.0,2.2,8.6,8.9,0.537,15.7,1.5,-2.5,-0.2
Josh Okogie,2019-20,SG,MIN,62.0,28.0,25.0,2.7,6.4,0.427,0.7,2.5,0.266,2.5,3.1,0.796,1.4,2.9,4.3,1.6,1.1,0.4,1.4,2.2,8.6,11.5,0.553,15.1,2.2,-2.4,-0.2
Derrick Jones Jr.,2019-20,SF,MIA,59.0,16.0,23.3,3.1,5.9,0.527,0.6,2.2,0.28,1.6,2.1,0.772,1.1,2.8,3.9,1.1,1.0,0.6,0.5,2.2,8.5,14.9,0.62,13.9,4.4,0.7,1.0
James Johnson,2019-20,PF,2TM,32.0,1.0,19.3,3.2,6.7,0.479,1.0,2.8,0.363,1.0,1.5,0.646,0.8,2.9,3.7,2.3,0.8,1.0,1.5,2.5,8.4,14.8,0.572,19.4,1.1,0.0,0.3
Justin Holiday,2019-20,SF,IND,73.0,6.0,25.0,2.8,6.7,0.428,1.8,4.5,0.405,0.7,0.9,0.791,0.4,2.8,3.3,1.3,1.2,0.6,0.6,1.9,8.3,12.1,0.585,13.4,4.2,1.3,1.5
DeAndre Jordan,2019-20,C,BRK,56.0,6.0,22.0,3.4,5.1,0.666,0.0,0.0,,1.5,2.2,0.68,2.5,7.5,10.0,1.9,0.3,0.9,1.3,2.0,8.3,19.9,0.682,14.1,5.2,3.0,1.5
E'Twaun Moore,2019-20,SG,NOP,56.0,6.0,18.2,3.3,7.8,0.426,1.1,3.0,0.377,0.6,0.8,0.689,0.6,1.8,2.3,1.4,0.6,0.2,0.7,1.4,8.3,11.3,0.51,19.9,0.9,-2.7,-0.2
Jeremy Pargo,2019-20,PG,GSW,3.0,0.0,14.7,3.7,7.3,0.5,1.0,2.3,0.429,0.0,0.3,0.0,0.3,0.7,1.0,2.7,0.3,0.0,1.3,2.7,8.3,12.6,0.557,25.7,0.0,-5.9,0.0
Anfernee Simons,2019-20,SG,POR,70.0,4.0,20.7,3.1,7.7,0.399,1.1,3.2,0.332,1.1,1.3,0.826,0.4,1.8,2.2,1.4,0.4,0.1,0.9,1.9,8.3,9.0,0.502,18.7,0.2,-4.5,-0.9
Ivica Zubac,2019-20,C,LAC,72.0,70.0,18.4,3.3,5.3,0.613,0.0,0.0,0.0,1.7,2.3,0.747,2.7,4.8,7.5,1.1,0.2,0.9,0.8,2.3,8.3,21.7,0.651,16.4,6.6,2.8,1.6
Jalen Brunson,2019-20,PG,DAL,57.0,16.0,17.9,3.2,6.8,0.466,0.8,2.1,0.358,1.1,1.3,0.813,0.4,2.0,2.4,3.3,0.4,0.1,1.2,1.3,8.2,14.9,0.553,20.4,2.1,-0.9,0.3
Kelly Olynyk,2019-20,C,MIA,67.0,9.0,19.4,2.7,5.9,0.462,1.4,3.5,0.406,1.3,1.5,0.86,0.7,3.9,4.6,1.7,0.7,0.3,1.1,2.6,8.2,14.6,0.621,17.4,3.7,1.0,1.0
Reggie Bullock,2019-20,SG,NYK,29.0,19.0,23.6,3.1,7.7,0.402,1.3,3.8,0.333,0.6,0.7,0.81,0.4,1.9,2.3,1.4,0.9,0.1,0.7,1.9,8.1,9.3,0.502,15.6,0.5,-3.0,-0.2
Enes Freedom,2019-20,C,BOS,58.0,7.0,16.9,3.4,6.0,0.572,0.0,0.1,0.143,1.2,1.7,0.707,2.8,4.6,7.4,1.0,0.4,0.7,1.0,1.7,8.1,22.4,0.599,19.4,4.4,1.5,0.9
Jahlil Okafor,2019-20,C,NOP,30.0,9.0,15.6,3.4,5.4,0.623,0.0,0.1,0.333,1.3,2.1,0.645,1.6,2.6,4.2,1.2,0.2,0.7,1.3,2.2,8.1,18.3,0.642,19.9,1.3,-0.2,0.2
Trevor Ariza,2019-20,SF,2TM,53.0,21.0,28.2,2.7,6.1,0.438,1.5,3.9,0.372,1.2,1.4,0.838,0.6,4.0,4.6,1.7,1.3,0.3,1.1,2.1,8.0,11.0,0.593,11.8,2.5,-0.5,0.6
Alex Len,2019-20,C,2TM,55.0,12.0,17.6,3.2,5.8,0.555,0.3,1.1,0.271,1.2,1.9,0.648,1.8,4.0,5.8,0.9,0.4,0.9,1.0,2.3,8.0,17.7,0.6,18.1,2.5,-0.7,0.3
Danny Green,2019-20,SG,LAL,68.0,68.0,24.8,2.9,7.0,0.416,1.8,4.8,0.367,0.5,0.7,0.688,0.8,2.6,3.3,1.3,1.3,0.5,0.9,2.0,8.0,10.8,0.552,13.9,3.4,0.5,1.1
Draymond Green,2019-20,PF,GSW,43.0,43.0,28.4,2.9,7.3,0.389,0.8,3.0,0.279,1.5,1.9,0.759,0.5,5.7,6.2,6.2,1.4,0.8,2.3,2.6,8.0,12.5,0.489,15.7,1.1,-0.2,0.5
Tony Snell,2019-20,SF,DET,59.0,57.0,27.8,2.9,6.5,0.445,1.7,4.3,0.402,0.5,0.5,1.0,0.2,1.7,1.9,2.2,0.5,0.3,0.5,1.7,8.0,9.7,0.598,11.4,2.6,-1.8,0.1
Sindarius Thornwell,2019-20,SF,NOP,2.0,0.0,17.5,3.0,5.5,0.545,1.0,2.0,0.5,1.0,2.0,0.5,0.0,2.0,2.0,2.0,0.5,0.5,1.0,1.0,8.0,14.7,0.627,17.3,0.1,-0.8,0.0
Patrick Beverley,2019-20,PG,LAC,51.0,50.0,26.3,2.9,6.7,0.431,1.6,4.0,0.388,0.6,0.9,0.66,1.1,4.1,5.2,3.6,1.1,0.5,1.3,3.1,7.9,12.5,0.56,13.3,3.6,2.2,1.4
Chandler Hutchison,2019-20,SF,CHI,28.0,10.0,18.8,2.9,6.3,0.457,0.4,1.4,0.316,1.6,2.8,0.59,0.6,3.2,3.9,0.9,1.0,0.3,1.0,1.7,7.8,12.4,0.521,19.1,0.7,-2.6,-0.1
TimothÃ© Luwawu-Cabarrot,2019-20,SF,BRK,47.0,2.0,18.1,2.5,5.7,0.435,1.3,3.4,0.388,1.5,1.7,0.852,0.6,2.1,2.7,0.6,0.4,0.1,0.8,2.3,7.8,11.0,0.599,16.8,1.7,-2.2,-0.1
J.J. Barea,2019-20,PG,DAL,29.0,6.0,15.5,2.9,7.1,0.411,1.1,2.9,0.376,0.7,0.8,0.909,0.3,1.5,1.8,3.9,0.2,0.1,1.3,0.9,7.7,14.6,0.512,24.2,0.7,-1.4,0.1
Jordan McLaughlin,2019-20,PG,MIN,30.0,2.0,19.7,2.9,5.9,0.489,1.0,2.5,0.382,0.9,1.3,0.667,0.2,1.4,1.6,4.2,1.1,0.1,1.0,1.0,7.6,16.3,0.587,15.8,1.6,0.3,0.3
De'Anthony Melton,2019-20,PG,MEM,60.0,8.0,19.5,2.7,6.7,0.401,0.7,2.3,0.286,1.6,2.0,0.769,0.7,3.0,3.7,2.9,1.3,0.3,1.4,1.8,7.6,13.5,0.501,19.2,1.7,-0.2,0.5
Omari Spellman,2019-20,C,GSW,49.0,3.0,18.1,2.6,6.0,0.431,0.9,2.2,0.391,1.5,1.9,0.793,1.6,2.9,4.5,1.0,0.7,0.5,1.1,1.3,7.6,14.4,0.551,18.8,1.2,-1.8,0.1
Terence Davis,2019-20,SG,TOR,72.0,4.0,16.8,2.8,6.1,0.456,1.3,3.4,0.388,0.7,0.8,0.864,0.7,2.6,3.3,1.6,0.5,0.2,1.1,1.7,7.5,13.8,0.588,19.0,3.1,0.8,0.8
Marc Gasol,2019-20,C,TOR,44.0,43.0,26.4,2.7,6.3,0.427,1.3,3.4,0.385,0.8,1.1,0.735,0.7,5.5,6.3,3.3,0.8,0.9,1.3,2.8,7.5,11.8,0.551,13.2,3.0,1.6,1.1
Dwight Howard,2019-20,C,LAL,69.0,2.0,18.9,2.9,4.0,0.729,0.0,0.1,0.6,1.6,3.1,0.514,2.5,4.9,7.3,0.7,0.4,1.1,1.2,3.2,7.5,18.7,0.696,14.7,5.4,0.2,0.7
Trey Burke,2019-20,PG,2TM,33.0,1.0,15.8,2.8,6.3,0.45,1.0,2.3,0.427,0.7,0.9,0.793,0.5,1.0,1.5,2.5,0.5,0.1,0.6,1.0,7.4,15.6,0.548,20.0,1.3,-0.2,0.2
Bismack Biyombo,2019-20,C,CHO,53.0,29.0,19.4,2.8,5.2,0.543,0.0,0.0,,1.7,2.8,0.603,2.3,3.5,5.8,0.9,0.2,0.9,0.9,2.2,7.4,16.1,0.57,16.8,2.4,-2.5,-0.1
Ky Bowman,2019-20,PG,GSW,45.0,12.0,22.6,3.0,7.1,0.417,0.7,2.4,0.308,0.8,0.9,0.829,0.5,2.2,2.7,2.9,1.0,0.2,1.6,2.3,7.4,9.1,0.494,17.2,-0.1,-4.3,-0.6
Gorgui Dieng,2019-20,C,2TM,63.0,17.0,17.4,2.6,5.8,0.456,0.9,2.4,0.355,1.2,1.6,0.772,1.4,4.2,5.6,1.2,0.8,0.9,1.0,2.0,7.4,17.1,0.568,17.6,2.9,1.5,1.0
Jaxson Hayes,2019-20,C,NOP,64.0,14.0,16.9,2.7,4.0,0.672,0.0,0.1,0.25,1.9,3.0,0.647,1.5,2.5,4.0,0.9,0.4,0.9,0.8,2.5,7.4,17.6,0.689,15.0,3.9,-0.3,0.5
Tyus Jones,2019-20,PG,MEM,65.0,6.0,19.0,3.0,6.6,0.459,0.7,1.9,0.379,0.7,0.9,0.741,0.1,1.4,1.6,4.4,0.9,0.1,0.8,0.7,7.4,15.7,0.532,17.2,3.0,0.6,0.8
Ian Mahinmi,2019-20,C,WAS,38.0,35.0,21.3,2.7,5.5,0.495,0.1,0.7,0.192,1.8,3.0,0.619,2.1,3.7,5.7,1.3,0.8,1.2,1.2,3.0,7.4,14.2,0.545,15.7,1.4,-2.7,-0.2
Wesley Matthews,2019-20,SG,MIL,67.0,67.0,24.4,2.5,6.3,0.396,1.6,4.4,0.364,0.8,1.0,0.765,0.3,2.1,2.5,1.4,0.6,0.1,0.6,1.5,7.4,8.1,0.547,12.5,3.2,-1.8,0.1
Nerlens Noel,2019-20,C,OKC,61.0,7.0,18.5,3.0,4.4,0.684,0.0,0.0,0.333,1.3,1.7,0.755,1.5,3.4,4.9,0.9,1.0,1.5,1.1,2.7,7.4,20.4,0.711,14.9,4.9,3.1,1.5
Brandon Knight,2019-20,SG,2TM,25.0,3.0,18.5,2.4,6.7,0.353,1.8,5.2,0.344,0.8,1.4,0.588,0.2,1.5,1.6,2.8,0.4,0.1,1.5,1.6,7.3,8.5,0.503,20.6,-0.1,-4.4,-0.3
Kris Dunn,2019-20,PG,CHI,51.0,32.0,24.9,3.0,6.7,0.444,0.6,2.2,0.259,0.8,1.1,0.741,0.5,3.2,3.6,3.4,2.0,0.3,1.3,3.1,7.3,12.1,0.51,14.6,2.3,-0.6,0.4
Emmanuel Mudiay,2019-20,PG,UTA,54.0,2.0,15.7,2.8,6.1,0.462,0.6,1.6,0.345,1.2,1.5,0.759,0.3,2.0,2.3,2.1,0.4,0.2,1.4,1.3,7.3,13.0,0.543,22.6,1.0,-1.9,0.0
Willie Cauley-Stein,2019-20,C,2TM,54.0,39.0,20.3,3.2,5.6,0.579,0.0,0.0,0.0,0.7,1.2,0.606,1.6,4.3,5.8,1.3,0.9,1.1,0.7,2.2,7.2,17.0,0.589,14.4,2.9,0.5,0.7
Michael Carter-Williams,2019-20,SG,ORL,45.0,0.0,18.5,2.5,5.8,0.427,0.5,1.7,0.293,1.8,2.1,0.832,1.0,2.2,3.3,2.4,1.1,0.5,1.2,1.9,7.2,15.3,0.535,18.3,1.9,0.1,0.5
Mason Plumlee,2019-20,C,DEN,61.0,1.0,17.3,2.9,4.7,0.615,0.0,0.1,0.0,1.4,2.5,0.535,1.6,3.6,5.2,2.5,0.5,0.6,1.3,2.3,7.2,18.8,0.613,18.0,3.4,2.0,1.1
Jeremiah Martin,2019-20,PG,BRK,9.0,0.0,11.0,2.7,5.9,0.453,0.6,2.0,0.278,1.2,1.6,0.786,0.1,1.0,1.1,2.0,0.8,0.2,0.4,0.8,7.1,21.8,0.541,26.7,0.4,3.2,0.1
Rajon Rondo,2019-20,PG,LAL,48.0,3.0,20.5,2.9,6.8,0.418,0.9,2.6,0.328,0.6,0.9,0.659,0.5,2.5,3.0,5.0,0.8,0.0,1.9,1.2,7.1,12.4,0.494,18.7,1.4,-1.4,0.2
Tyler Johnson,2019-20,SG,2TM,39.0,7.0,18.2,2.5,6.4,0.388,1.0,3.1,0.319,1.1,1.3,0.84,0.5,1.5,1.9,1.9,0.4,0.2,0.7,1.5,7.0,10.1,0.504,18.0,0.7,-2.9,-0.2
Zach Collins,2019-20,PF,POR,11.0,11.0,26.4,2.9,6.2,0.471,0.6,1.7,0.368,0.5,0.7,0.75,2.3,4.0,6.3,1.5,0.5,0.5,1.3,3.3,7.0,9.9,0.538,12.5,0.3,-3.1,-0.1
Rondae Hollis-Jefferson,2019-20,PF,TOR,60.0,6.0,18.7,2.6,5.5,0.471,0.1,0.4,0.13,1.8,2.4,0.734,1.8,2.9,4.7,1.8,0.8,0.4,1.0,1.9,7.0,15.1,0.533,17.2,3.4,0.3,0.6
Hamidou Diallo,2019-20,SF,OKC,46.0,3.0,19.5,2.9,6.4,0.446,0.3,1.2,0.281,0.8,1.4,0.603,1.0,2.7,3.6,0.8,0.8,0.2,1.1,2.2,6.9,9.3,0.491,18.4,0.4,-3.9,-0.4
Harry Giles,2019-20,C,SAC,46.0,17.0,14.5,3.0,5.5,0.554,0.0,0.0,0.0,0.8,1.1,0.776,0.9,3.2,4.1,1.3,0.5,0.4,1.0,2.6,6.9,16.4,0.58,20.6,1.6,-1.3,0.1
Frank Mason III,2019-20,PG,MIL,9.0,0.0,13.1,2.6,5.7,0.451,0.7,2.3,0.286,1.1,1.9,0.588,0.6,1.6,2.1,3.2,0.6,0.1,1.2,1.2,6.9,16.9,0.53,24.3,0.4,0.0,0.1
P.J. Tucker,2019-20,PF,HOU,72.0,72.0,34.3,2.5,5.9,0.415,1.5,4.2,0.358,0.5,0.7,0.813,1.6,5.1,6.6,1.6,1.1,0.5,1.0,3.2,6.9,8.3,0.559,8.7,4.0,-1.9,0.1
Brad Wanamaker,2019-20,PG,BOS,71.0,1.0,19.3,2.3,5.1,0.448,0.5,1.4,0.363,1.8,1.9,0.926,0.3,1.7,2.0,2.5,0.9,0.2,1.1,1.9,6.9,12.8,0.577,15.5,3.5,-0.6,0.5
Delon Wright,2019-20,PG,DAL,73.0,5.0,21.5,2.6,5.6,0.462,0.6,1.7,0.37,1.1,1.4,0.77,1.0,2.9,3.8,3.3,1.2,0.3,1.0,1.3,6.9,15.4,0.554,14.4,4.4,1.9,1.5
Luguentz Dort,2019-20,SF,OKC,36.0,28.0,22.8,2.4,6.1,0.394,0.8,2.8,0.297,1.2,1.5,0.792,0.7,1.6,2.3,0.8,0.9,0.1,0.6,2.7,6.8,7.6,0.506,14.1,0.8,-3.7,-0.4
JaMychal Green,2019-20,PF,LAC,63.0,1.0,20.7,2.4,5.6,0.429,1.5,3.8,0.387,0.6,0.8,0.75,1.2,4.9,6.2,0.8,0.5,0.4,0.9,2.8,6.8,11.1,0.576,13.7,3.1,-0.5,0.5
Denzel Valentine,2019-20,SF,CHI,36.0,5.0,13.6,2.7,6.6,0.409,1.3,3.8,0.336,0.2,0.2,0.75,0.3,1.8,2.1,1.2,0.7,0.2,0.7,1.4,6.8,13.0,0.511,23.3,0.5,-0.6,0.2
Dragan Bender,2019-20,C,2TM,16.0,3.0,17.9,2.6,5.8,0.446,0.9,2.7,0.349,0.6,0.9,0.714,1.0,3.6,4.6,1.8,0.3,0.6,1.3,2.6,6.7,10.9,0.545,17.7,0.3,-2.9,-0.1
Damyean Dotson,2019-20,SG,NYK,48.0,0.0,17.4,2.5,6.0,0.414,1.2,3.4,0.362,0.5,0.7,0.667,0.2,1.7,1.9,1.2,0.5,0.1,0.4,0.9,6.7,10.9,0.527,16.5,0.9,-1.4,0.1
Kyle Korver,2019-20,SF,MIL,58.0,1.0,16.6,2.2,5.1,0.43,1.7,4.1,0.418,0.6,0.7,0.854,0.3,1.8,2.1,1.2,0.4,0.2,0.8,1.3,6.7,11.3,0.62,15.4,2.5,0.1,0.5
James Ennis III,2019-20,SG,2TM,69.0,18.0,18.3,2.3,5.2,0.446,0.8,2.4,0.325,1.1,1.4,0.806,1.0,2.5,3.6,0.9,0.5,0.3,0.8,2.0,6.6,11.5,0.565,15.7,2.4,-2.6,-0.2
Chris Boucher,2019-20,C,TOR,62.0,0.0,13.2,2.3,4.8,0.472,0.6,1.9,0.322,1.5,1.9,0.784,1.7,2.7,4.5,0.4,0.4,1.0,0.5,1.8,6.6,20.7,0.587,19.7,3.8,2.0,0.8
Ersan Ä°lyasova,2019-20,PF,MIL,63.0,8.0,15.7,2.3,5.0,0.466,0.8,2.2,0.365,1.1,1.4,0.828,1.0,3.8,4.8,0.8,0.4,0.3,0.5,1.5,6.6,14.9,0.589,16.1,3.6,0.4,0.6
Boban MarjanoviÄ,2019-20,C,DAL,44.0,5.0,9.6,2.8,4.8,0.573,0.1,0.4,0.235,1.0,1.3,0.754,1.5,3.0,4.5,0.5,0.2,0.2,0.7,1.3,6.6,25.7,0.612,26.9,1.8,1.2,0.3
JaVale McGee,2019-20,C,LAL,68.0,68.0,16.6,2.9,4.5,0.637,0.0,0.1,0.5,0.8,1.2,0.646,1.8,3.9,5.7,0.5,0.5,1.4,0.8,2.3,6.6,19.4,0.652,14.8,4.7,1.5,1.0
NicolÃ² Melli,2019-20,C,NOP,60.0,8.0,17.4,2.3,5.4,0.421,1.2,3.4,0.335,0.9,1.2,0.74,0.6,2.4,3.0,1.4,0.6,0.4,0.8,2.1,6.6,11.4,0.556,15.7,1.8,-1.3,0.2
Keita Bates-Diop,2019-20,SF,2TM,44.0,0.0,16.9,2.3,5.3,0.427,0.8,2.3,0.33,1.2,1.7,0.72,0.6,2.3,2.9,0.7,0.4,0.5,0.4,1.0,6.5,12.4,0.539,15.8,1.2,-1.4,0.1
T.J. McConnell,2019-20,PG,IND,71.0,3.0,18.7,3.0,5.8,0.516,0.1,0.2,0.294,0.5,0.6,0.833,0.5,2.1,2.7,5.0,0.8,0.2,1.4,1.0,6.5,16.5,0.54,17.5,3.3,0.5,0.8
Allonzo Trier,2019-20,SG,NYK,24.0,1.0,12.1,2.1,4.4,0.481,0.8,2.2,0.358,1.4,1.8,0.791,0.3,1.0,1.2,1.2,0.1,0.2,0.9,1.2,6.5,14.5,0.62,21.4,0.5,-0.4,0.1
Sekou Doumbouya,2019-20,PF,DET,38.0,19.0,19.8,2.4,6.2,0.39,0.7,2.6,0.286,0.8,1.2,0.674,0.5,2.6,3.1,0.5,0.5,0.2,0.9,2.1,6.4,6.2,0.474,16.9,-0.3,-6.7,-0.9
Cory Joseph,2019-20,PG,SAC,72.0,26.0,24.4,2.4,5.7,0.415,0.8,2.2,0.352,0.8,1.0,0.857,0.6,2.0,2.6,3.5,0.7,0.3,1.1,1.8,6.4,10.1,0.517,12.9,2.3,-2.0,0.0
Kevin Knox,2019-20,SF,NYK,65.0,4.0,17.9,2.2,6.2,0.359,1.0,3.1,0.327,1.0,1.6,0.653,0.4,2.4,2.8,0.9,0.4,0.4,0.7,1.6,6.4,8.3,0.47,17.8,0.2,-4.2,-0.7
Trey Lyles,2019-20,PF,SAS,63.0,53.0,20.2,2.4,5.4,0.446,1.0,2.7,0.387,0.5,0.7,0.733,1.1,4.6,5.7,1.1,0.4,0.4,0.6,1.6,6.4,12.6,0.557,13.6,2.2,-1.2,0.3
Kelan Martin,2019-20,SF,MIN,31.0,4.0,16.0,2.3,5.8,0.392,0.8,3.1,0.26,1.0,1.0,0.968,0.4,2.7,3.1,0.7,0.2,0.3,0.6,1.6,6.4,9.2,0.506,17.8,0.2,-4.3,-0.3
C.J. Miles,2019-20,SF,WAS,10.0,0.0,16.1,1.9,5.9,0.322,1.1,3.5,0.314,1.5,2.0,0.75,0.4,0.8,1.2,1.2,1.0,0.4,0.4,1.4,6.4,11.1,0.472,18.6,0.1,-1.7,0.0
Lonnie Walker IV,2019-20,SG,SAS,61.0,12.0,16.2,2.5,5.9,0.426,0.7,1.7,0.406,0.7,1.0,0.721,0.4,1.9,2.3,1.1,0.5,0.2,0.7,1.3,6.4,10.5,0.507,18.7,0.3,-3.5,-0.4
Marco Belinelli,2019-20,SG,SAS,57.0,0.0,15.5,2.2,5.5,0.392,1.2,3.1,0.376,0.8,1.0,0.828,0.1,1.6,1.7,1.2,0.2,0.0,0.3,0.8,6.3,10.8,0.532,17.5,0.8,-2.7,-0.2
Frank Jackson,2019-20,PG,NOP,59.0,2.0,13.5,2.3,5.6,0.405,0.8,2.4,0.326,0.9,1.3,0.747,0.4,1.0,1.4,1.0,0.3,0.1,0.8,1.3,6.3,9.1,0.51,21.2,0.2,-5.5,-0.7
Abdel Nader,2019-20,SF,OKC,55.0,6.0,15.8,2.2,4.8,0.468,0.9,2.3,0.375,0.9,1.2,0.773,0.3,1.6,1.8,0.7,0.4,0.4,0.8,1.4,6.3,11.3,0.591,17.0,1.3,-1.0,0.2
Frank Ntilikina,2019-20,PG,NYK,57.0,26.0,20.8,2.3,5.8,0.393,0.8,2.4,0.321,0.9,1.0,0.864,0.4,1.7,2.1,3.0,0.9,0.3,1.2,2.5,6.3,9.8,0.497,15.4,0.9,-3.2,-0.4
Royce O'Neale,2019-20,SF,UTA,71.0,62.0,28.9,2.2,5.1,0.433,1.3,3.4,0.377,0.6,0.8,0.764,0.4,5.1,5.5,2.5,0.8,0.5,0.9,2.8,6.3,9.5,0.578,9.6,4.3,0.9,1.5
Caleb Martin,2019-20,SF,CHO,18.0,1.0,17.6,2.1,4.7,0.44,1.1,2.1,0.541,0.9,1.2,0.81,0.6,1.6,2.1,1.3,0.7,0.4,0.8,1.8,6.2,12.0,0.595,15.0,0.5,-1.0,0.1
Taj Gibson,2019-20,C,NYK,62.0,56.0,16.5,2.7,4.6,0.584,0.1,0.2,0.286,0.7,0.9,0.732,1.8,2.5,4.3,0.8,0.4,0.5,0.8,2.0,6.1,16.1,0.61,14.8,2.6,-1.1,0.2
Brandon Goodwin,2019-20,PG,ATL,34.0,1.0,12.6,2.2,5.6,0.4,0.8,2.6,0.299,0.8,0.9,0.933,0.3,1.8,2.1,1.5,0.4,0.1,0.9,1.3,6.1,11.6,0.507,22.4,0.1,-2.9,-0.1
Willy HernangÃ³mez,2019-20,C,CHO,31.0,0.0,12.1,2.4,4.5,0.532,0.2,0.7,0.227,1.2,1.9,0.627,1.4,2.9,4.3,0.9,0.3,0.2,1.0,1.0,6.1,19.2,0.576,22.9,0.8,0.1,0.2
Meyers Leonard,2019-20,C,MIA,51.0,49.0,20.3,2.3,4.6,0.509,1.0,2.5,0.414,0.4,0.5,0.643,0.6,4.5,5.1,1.1,0.3,0.3,0.8,2.1,6.1,10.6,0.627,12.2,2.1,-0.9,0.3
Juancho HernangÃ³mez,2019-20,PF,2TM,48.0,14.0,17.4,2.1,5.1,0.405,0.9,2.7,0.341,0.9,1.5,0.62,0.9,3.2,4.1,0.8,0.4,0.2,0.7,1.3,6.0,10.4,0.518,15.7,0.9,-3.4,-0.3
Devontae Cacok,2019-20,C,LAL,1.0,0.0,9.0,3.0,6.0,0.5,0.0,0.0,,0.0,0.0,,2.0,3.0,5.0,1.0,0.0,0.0,0.0,0.0,6.0,28.6,0.5,28.1,0.0,0.2,0.0
Dusty Hannahs,2019-20,SG,MEM,2.0,0.0,6.5,2.0,4.5,0.444,1.0,1.5,0.667,1.0,1.0,1.0,0.0,0.5,0.5,0.0,0.0,0.0,0.0,0.5,6.0,21.3,0.607,31.6,0.0,3.1,0.0
Luke Kornet,2019-20,C,CHI,36.0,14.0,15.5,2.3,5.2,0.439,0.9,3.0,0.287,0.6,0.8,0.714,0.6,1.7,2.3,0.9,0.3,0.7,0.4,1.5,6.0,12.7,0.539,16.3,1.1,-1.2,0.1
Eric Mika,2019-20,C,SAC,1.0,0.0,19.0,2.0,3.0,0.667,0.0,0.0,,2.0,2.0,1.0,2.0,5.0,7.0,0.0,0.0,0.0,0.0,5.0,6.0,13.9,0.773,8.9,0.1,-3.4,0.0
Mike Scott,2019-20,PF,PHI,68.0,11.0,17.8,2.2,5.1,0.426,1.2,3.2,0.369,0.4,0.5,0.811,1.0,2.7,3.6,0.8,0.3,0.1,0.4,1.4,6.0,11.2,0.557,14.0,2.5,-1.8,0.1
Marvin Williams,2019-20,PF,2TM,58.0,1.0,19.5,2.1,4.6,0.446,1.0,2.7,0.359,0.8,1.0,0.86,0.5,2.6,3.2,1.0,0.6,0.5,0.6,1.8,5.9,11.2,0.587,12.5,2.4,-0.6,0.4
Wilson Chandler,2019-20,PF,BRK,35.0,3.0,21.0,2.1,5.2,0.404,1.1,3.5,0.306,0.6,0.7,0.87,0.3,3.8,4.1,1.1,0.5,0.3,1.0,2.3,5.9,7.4,0.531,12.9,0.7,-2.7,-0.1
Georges Niang,2019-20,PF,UTA,66.0,1.0,14.0,2.1,4.9,0.438,1.4,3.4,0.4,0.3,0.4,0.833,0.2,1.7,1.9,0.7,0.3,0.1,0.5,1.1,5.9,11.7,0.589,17.2,1.8,-0.1,0.4
Dewayne Dedmon,2019-20,C,2TM,44.0,18.0,17.6,2.3,5.8,0.4,0.5,2.4,0.206,0.7,0.8,0.833,1.4,4.3,5.7,0.5,0.6,0.9,1.3,3.0,5.8,9.4,0.473,18.1,0.1,-5.8,-0.7
Maurice Harkless,2019-20,PF,2TM,62.0,48.0,23.0,2.3,4.6,0.502,0.5,1.6,0.347,0.6,1.1,0.591,0.9,3.0,3.9,1.1,0.9,0.5,0.9,2.4,5.8,9.8,0.572,10.7,2.7,-0.7,0.5
Kyle Anderson,2019-20,SF,MEM,67.0,28.0,19.9,2.3,4.9,0.474,0.4,1.3,0.282,0.8,1.2,0.667,0.9,3.4,4.3,2.4,0.8,0.6,1.0,1.7,5.8,12.5,0.534,13.5,2.5,0.5,0.9
DeAndre' Bembry,2019-20,SG,ATL,43.0,4.0,21.3,2.4,5.3,0.456,0.3,1.5,0.231,0.6,1.1,0.542,0.8,2.7,3.5,1.9,1.3,0.4,1.4,2.0,5.8,9.6,0.5,14.0,0.2,-2.5,-0.1
PJ Dozier,2019-20,SG,DEN,29.0,0.0,14.2,2.2,5.4,0.414,0.6,1.7,0.347,0.7,1.0,0.724,0.3,1.6,1.9,2.2,0.5,0.2,0.9,1.6,5.8,11.6,0.495,20.8,0.4,-3.8,-0.2
Wes Iwundu,2019-20,SF,ORL,52.0,21.0,18.3,1.9,4.5,0.416,0.5,1.6,0.341,1.5,1.9,0.804,0.5,2.1,2.5,1.2,0.5,0.3,0.5,1.5,5.8,10.3,0.544,13.7,1.7,-2.6,-0.2
Skal LabissiÃ¨re,2019-20,C,POR,33.0,1.0,17.2,2.5,4.5,0.551,0.1,0.4,0.231,0.8,1.0,0.758,2.0,3.2,5.1,1.3,0.2,0.9,0.9,2.7,5.8,15.4,0.588,14.3,1.4,-1.3,0.1
AnÅ¾ejs PaseÄÅiks,2019-20,C,WAS,27.0,0.0,16.2,2.3,4.3,0.526,0.0,0.1,0.0,1.3,2.1,0.586,1.6,2.4,4.0,0.7,0.3,0.4,0.9,2.8,5.8,11.3,0.551,15.8,0.5,-5.6,-0.4
Nickeil Alexander-Walker,2019-20,SG,NOP,47.0,1.0,12.6,2.1,5.7,0.368,1.0,2.8,0.346,0.5,0.8,0.676,0.2,1.6,1.8,1.9,0.4,0.2,1.1,1.2,5.7,8.9,0.473,23.3,-0.2,-4.6,-0.4
Dwayne Bacon,2019-20,SG,CHO,39.0,11.0,17.6,2.2,6.3,0.348,0.5,1.7,0.284,0.9,1.4,0.66,0.4,2.2,2.6,1.3,0.6,0.1,0.9,1.3,5.7,6.1,0.419,19.5,-0.8,-6.8,-0.8
Bol Bol,2019-20,PF,DEN,7.0,0.0,12.4,2.0,4.0,0.5,0.6,1.3,0.444,1.1,1.4,0.8,0.7,2.0,2.7,0.9,0.3,0.9,1.4,1.6,5.7,14.4,0.617,21.2,0.1,-3.0,0.0
Talen Horton-Tucker,2019-20,SG,LAL,6.0,1.0,13.5,2.3,5.0,0.467,0.7,2.2,0.308,0.3,0.7,0.5,0.3,0.8,1.2,1.0,1.3,0.2,1.0,1.7,5.7,12.3,0.535,19.7,0.1,-2.1,0.0
Darius Bazley,2019-20,PF,OKC,61.0,9.0,18.5,2.0,5.2,0.394,0.8,2.3,0.348,0.7,1.0,0.694,0.5,3.5,4.0,0.7,0.4,0.7,0.7,0.9,5.6,9.6,0.497,15.1,1.0,-1.6,0.1
Damian Jones,2019-20,C,ATL,55.0,27.0,16.1,2.2,3.2,0.68,0.0,0.2,0.222,1.1,1.5,0.738,1.3,2.4,3.7,0.6,0.5,0.7,0.5,2.7,5.6,15.6,0.712,11.4,2.8,-1.5,0.1
Jalen McDaniels,2019-20,SF,CHO,16.0,0.0,18.3,2.1,4.4,0.471,0.6,1.5,0.375,0.9,1.1,0.824,0.9,3.1,4.1,0.8,0.5,0.2,0.7,2.3,5.6,10.7,0.574,13.3,0.5,-3.3,-0.1
Jakob Poeltl,2019-20,C,SAS,66.0,18.0,17.7,2.5,4.0,0.624,0.0,0.0,,0.6,1.3,0.465,2.0,3.7,5.7,1.8,0.6,1.4,0.8,1.9,5.6,19.1,0.612,13.2,4.0,2.5,1.3
John Henson,2019-20,C,2TM,40.0,8.0,15.0,2.4,4.3,0.556,0.2,0.9,0.222,0.6,1.2,0.5,1.2,2.9,4.1,1.4,0.6,1.1,0.9,2.0,5.5,17.0,0.578,16.3,1.4,0.9,0.4
Solomon Hill,2019-20,PF,2TM,59.0,4.0,18.4,1.9,4.7,0.396,1.1,2.9,0.368,0.7,0.9,0.741,0.5,2.3,2.8,1.8,0.7,0.2,0.9,1.4,5.5,9.8,0.535,13.6,1.4,-1.7,0.1
Alex Caruso,2019-20,PG,LAL,64.0,2.0,18.4,1.9,4.5,0.412,0.6,1.9,0.333,1.1,1.5,0.734,0.3,1.7,1.9,1.9,1.1,0.3,0.8,1.5,5.5,10.8,0.525,13.8,2.3,-0.2,0.5
Justin Jackson,2019-20,PF,DAL,65.0,3.0,16.1,2.1,5.2,0.396,0.7,2.5,0.294,0.6,0.8,0.84,0.4,2.0,2.4,0.8,0.2,0.2,0.2,1.1,5.5,9.5,0.496,15.4,1.2,-3.4,-0.4
Dennis Smith Jr.,2019-20,PG,NYK,34.0,3.0,15.8,2.1,6.2,0.341,0.5,1.6,0.296,0.8,1.6,0.509,0.6,1.7,2.3,2.9,0.8,0.2,1.7,1.9,5.5,7.4,0.399,23.1,-0.9,-6.1,-0.6
Mo Bamba,2019-20,C,ORL,62.0,0.0,14.2,2.1,4.6,0.462,0.6,1.7,0.346,0.5,0.7,0.674,1.6,3.3,4.9,0.7,0.4,1.4,0.7,1.9,5.4,17.5,0.542,17.1,2.5,0.4,0.5
Pat Connaughton,2019-20,SG,MIL,67.0,4.0,18.6,2.0,4.5,0.455,0.8,2.5,0.331,0.5,0.6,0.775,0.9,3.3,4.2,1.6,0.4,0.5,0.8,1.0,5.4,11.5,0.565,12.3,3.4,0.6,0.8
Torrey Craig,2019-20,SF,DEN,58.0,27.0,18.5,2.1,4.6,0.461,0.8,2.4,0.326,0.4,0.6,0.611,1.1,2.2,3.3,0.8,0.4,0.6,0.4,2.3,5.4,10.8,0.553,12.6,2.0,-2.3,-0.1
Robin Lopez,2019-20,C,MIL,66.0,5.0,14.5,2.2,4.5,0.492,0.5,1.6,0.333,0.4,0.8,0.528,0.8,1.6,2.4,0.7,0.2,0.7,1.0,1.5,5.4,10.2,0.554,16.6,1.5,-2.6,-0.2
Garrison Mathews,2019-20,SG,WAS,18.0,0.0,12.6,1.3,3.1,0.429,1.1,2.6,0.413,1.7,1.9,0.912,0.3,1.0,1.3,0.6,0.4,0.1,0.4,1.8,5.4,13.1,0.691,14.5,0.6,-1.1,0.1
Luka Å amaniÄ,2019-20,PF,SAS,3.0,1.0,16.0,1.7,5.3,0.313,1.0,2.7,0.375,1.0,1.3,0.75,0.3,3.0,3.3,2.0,0.0,0.7,0.7,2.0,5.3,8.8,0.45,17.8,0.0,-4.1,0.0
Juan Toscano-Anderson,2019-20,SG,GSW,13.0,6.0,20.9,2.2,4.8,0.46,0.6,1.8,0.348,0.2,0.4,0.6,0.7,3.3,4.0,2.0,1.0,0.4,1.2,2.3,5.3,9.4,0.529,12.7,0.2,-3.6,-0.1
David Nwaba,2019-20,SF,BRK,20.0,0.0,13.4,1.9,3.6,0.521,0.6,1.4,0.429,0.9,1.4,0.667,0.4,1.9,2.3,0.4,0.6,0.6,0.4,1.6,5.2,14.0,0.627,14.2,0.8,1.1,0.2
Robert Williams,2019-20,C,BOS,29.0,1.0,13.4,2.2,3.0,0.727,0.0,0.0,,0.8,1.2,0.647,1.4,3.0,4.4,0.9,0.8,1.2,0.7,1.8,5.2,23.1,0.728,13.6,2.0,5.1,0.7
Jerome Robinson,2019-20,SG,2TM,63.0,6.0,15.5,1.8,4.9,0.371,0.8,2.4,0.32,0.6,0.9,0.702,0.2,1.8,2.0,1.4,0.4,0.3,0.8,1.8,5.1,7.4,0.476,16.4,0.2,-3.9,-0.5
Chris Chiozza,2019-20,PG,2TM,28.0,2.0,14.3,2.0,5.0,0.393,1.0,2.6,0.375,0.2,0.2,1.0,0.3,1.6,1.9,3.0,0.8,0.1,1.1,1.3,5.1,12.0,0.499,18.1,0.5,-1.2,0.1
Sterling Brown,2019-20,SF,MIL,52.0,1.0,14.8,1.8,4.9,0.371,0.8,2.6,0.324,0.6,0.8,0.8,0.6,2.9,3.5,1.0,0.6,0.1,0.8,1.0,5.1,9.5,0.486,17.0,1.1,-2.0,0.0
Quinn Cook,2019-20,PG,LAL,44.0,1.0,11.5,2.1,4.9,0.425,0.7,1.9,0.365,0.3,0.3,0.786,0.3,0.9,1.2,1.1,0.3,0.0,0.8,0.6,5.1,10.0,0.509,21.0,0.3,-3.8,-0.2
Wayne Ellington,2019-20,SG,NYK,36.0,1.0,15.5,1.7,4.8,0.351,1.4,4.0,0.35,0.3,0.4,0.846,0.1,1.7,1.8,1.2,0.4,0.1,0.5,1.1,5.1,8.5,0.509,15.0,0.4,-2.9,-0.1
Daniel Gafford,2019-20,C,CHI,43.0,7.0,14.2,2.2,3.1,0.701,0.0,0.0,,0.7,1.4,0.533,1.2,1.3,2.5,0.5,0.3,1.3,0.7,2.3,5.1,16.2,0.686,13.3,1.9,-1.3,0.1
Raul Neto,2019-20,PG,PHI,54.0,3.0,12.4,1.9,4.1,0.455,0.6,1.6,0.386,0.7,0.9,0.83,0.2,0.9,1.1,1.8,0.4,0.1,0.9,0.9,5.1,12.7,0.567,18.7,1.2,-1.8,0.0
Kadeem Allen,2019-20,PG,NYK,10.0,0.0,11.7,1.9,4.4,0.432,0.5,1.6,0.313,0.7,1.1,0.636,0.2,0.7,0.9,2.1,0.5,0.2,0.8,0.7,5.0,14.0,0.512,20.6,0.1,-0.9,0.0
Isaac Bonga,2019-20,SF,WAS,66.0,49.0,18.9,1.8,3.5,0.504,0.4,1.1,0.352,1.0,1.3,0.812,1.1,2.3,3.4,1.2,0.7,0.3,0.9,2.4,5.0,10.2,0.608,11.0,1.8,-2.8,-0.3
Vince Carter,2019-20,PF,ATL,60.0,0.0,14.6,1.8,5.1,0.352,1.0,3.4,0.302,0.4,0.5,0.793,0.3,1.8,2.1,0.8,0.4,0.4,0.6,1.5,5.0,7.5,0.47,16.6,-0.2,-4.3,-0.5
Jamal Crawford,2019-20,SG,BRK,1.0,0.0,6.0,2.0,4.0,0.5,1.0,2.0,0.5,0.0,0.0,,0.0,0.0,0.0,3.0,0.0,0.0,0.0,1.0,5.0,33.2,0.625,27.9,0.1,15.0,0.0
Cody Martin,2019-20,SF,CHO,48.0,3.0,18.8,1.9,4.3,0.43,0.4,1.6,0.234,0.9,1.4,0.646,0.8,2.5,3.3,2.0,0.8,0.2,0.9,1.6,5.0,10.5,0.505,13.6,1.0,-2.1,0.0
Tony Bradley,2019-20,C,UTA,58.0,3.0,11.4,2.2,3.3,0.667,0.1,0.1,1.0,0.5,0.8,0.652,1.9,2.7,4.6,0.4,0.2,0.6,0.5,2.0,4.9,21.7,0.681,15.8,3.3,1.3,0.6
Jevon Carter,2019-20,PG,PHO,58.0,2.0,16.3,1.7,4.2,0.416,1.1,2.5,0.425,0.4,0.5,0.852,0.5,1.5,2.0,1.4,0.8,0.3,0.6,1.5,4.9,11.3,0.563,12.9,1.8,0.6,0.6
Chris Clemons,2019-20,SG,HOU,33.0,0.0,8.8,1.7,4.3,0.401,1.1,3.2,0.346,0.3,0.3,0.909,0.1,0.8,0.9,0.8,0.3,0.2,0.6,0.8,4.9,13.1,0.548,23.6,0.4,-1.0,0.1
Drew Eubanks,2019-20,C,SAS,22.0,3.0,12.4,2.0,3.0,0.642,0.0,0.0,1.0,0.9,1.2,0.769,1.3,2.6,3.9,0.7,0.2,0.8,1.0,1.7,4.9,17.3,0.682,15.8,0.8,-1.8,0.0
Shaquille Harrison,2019-20,SG,CHI,43.0,10.0,11.3,1.8,3.8,0.467,0.4,1.0,0.381,0.9,1.2,0.78,0.5,1.5,2.0,1.1,0.8,0.4,0.4,1.3,4.9,17.8,0.559,18.1,1.5,2.8,0.6
Patrick Patterson,2019-20,PF,LAC,59.0,18.0,13.2,1.6,3.9,0.408,1.1,2.9,0.39,0.6,0.7,0.814,0.6,2.0,2.6,0.7,0.1,0.1,0.4,0.9,4.9,11.5,0.58,14.7,1.9,0.3,0.5
Edmond Sumner,2019-20,SG,IND,31.0,3.0,14.4,2.0,4.6,0.43,0.5,1.7,0.264,0.5,0.9,0.552,0.4,1.1,1.5,1.8,0.5,0.3,0.7,1.4,4.9,10.1,0.491,17.3,0.4,-2.9,-0.1
Matt Thomas,2019-20,SG,TOR,41.0,1.0,10.7,1.8,3.7,0.487,1.1,2.4,0.475,0.2,0.3,0.75,0.2,1.3,1.5,0.5,0.2,0.0,0.4,0.9,4.9,13.3,0.65,16.6,1.2,1.1,0.3
Mario Hezonja,2019-20,PF,POR,53.0,4.0,16.4,1.7,4.1,0.422,0.5,1.5,0.308,0.9,1.1,0.814,0.6,2.9,3.5,0.9,0.7,0.2,0.8,2.0,4.8,9.5,0.525,13.9,0.8,-2.9,-0.2
DÅ¾anan Musa,2019-20,SF,BRK,40.0,0.0,12.2,1.6,4.3,0.372,0.5,2.0,0.244,1.1,1.5,0.75,0.5,1.6,2.2,1.1,0.4,0.0,0.9,0.8,4.8,9.4,0.484,20.1,0.2,-4.4,-0.3
Mike Muscala,2019-20,C,OKC,47.0,2.0,12.2,1.6,4.0,0.407,1.1,3.0,0.378,0.4,0.5,0.818,0.3,2.0,2.3,0.9,0.2,0.3,0.4,1.2,4.8,12.5,0.569,16.6,1.3,-0.1,0.3
Justin Wright-Foreman,2019-20,PG,UTA,4.0,0.0,11.3,1.8,5.0,0.35,0.5,2.5,0.2,0.8,1.0,0.75,0.0,1.3,1.3,1.8,0.5,0.0,0.8,1.3,4.8,8.8,0.437,24.1,0.0,-9.0,-0.1
Cheick Diallo,2019-20,C,PHO,47.0,2.0,10.2,2.0,3.0,0.648,0.0,0.1,0.333,0.7,0.8,0.872,0.6,2.1,2.8,0.5,0.2,0.3,0.7,1.2,4.7,16.5,0.688,17.0,1.3,-1.3,0.1
Isaiah Hartenstein,2019-20,C,HOU,23.0,2.0,11.6,1.9,2.9,0.657,0.0,0.2,0.0,0.8,1.2,0.679,1.3,2.7,3.9,0.8,0.4,0.5,0.7,1.8,4.7,18.6,0.674,14.8,1.1,0.3,0.2
Thon Maker,2019-20,C,DET,60.0,14.0,12.9,1.6,3.2,0.482,0.4,1.1,0.344,1.2,1.8,0.664,0.9,1.9,2.8,0.7,0.4,0.7,0.8,1.7,4.7,13.7,0.582,16.1,1.5,-1.4,0.1
Matisse Thybulle,2019-20,SG,PHI,65.0,14.0,19.8,1.7,4.1,0.423,0.9,2.4,0.357,0.4,0.6,0.61,0.7,1.0,1.6,1.2,1.4,0.7,0.8,2.2,4.7,10.0,0.539,11.2,2.3,0.3,0.8
Allen Crabbe,2019-20,SF,2TM,37.0,1.0,17.6,1.7,4.8,0.356,1.0,3.2,0.303,0.3,0.4,0.714,0.3,1.8,2.1,0.9,0.4,0.1,0.5,1.3,4.6,6.0,0.47,12.7,-0.1,-5.3,-0.5
Andre Iguodala,2019-20,SF,MIA,21.0,0.0,19.9,1.8,4.2,0.432,0.7,2.2,0.298,0.3,0.7,0.4,0.8,2.9,3.7,2.4,0.7,1.0,1.2,1.7,4.6,10.5,0.507,12.7,0.6,-0.5,0.2
Rodions Kurucs,2019-20,PF,BRK,47.0,9.0,14.6,1.7,3.8,0.446,0.7,1.9,0.367,0.5,0.8,0.632,0.5,2.4,2.9,1.1,0.5,0.1,1.0,1.9,4.6,8.9,0.555,14.7,0.8,-2.8,-0.1
Patrick McCaw,2019-20,SF,TOR,37.0,12.0,24.5,1.8,4.4,0.414,0.6,1.9,0.324,0.4,0.5,0.722,0.5,1.8,2.3,2.1,1.1,0.1,0.8,1.6,4.6,7.3,0.5,9.4,1.4,-1.8,0.0
Alfonzo McKinnie,2019-20,SF,CLE,40.0,1.0,14.8,1.8,4.3,0.427,0.4,1.6,0.215,0.6,0.8,0.71,0.9,1.9,2.8,0.4,0.6,0.2,0.7,1.8,4.6,8.7,0.493,15.2,0.2,-5.3,-0.5
JaKarr Sampson,2019-20,PF,IND,34.0,12.0,13.9,2.0,3.4,0.591,0.1,0.4,0.154,0.5,0.8,0.667,0.6,2.0,2.6,0.6,0.5,0.4,0.4,1.9,4.6,12.6,0.615,13.2,1.2,-1.4,0.1
DantÃ© Exum,2019-20,SG,2TM,35.0,1.0,13.9,1.6,3.4,0.471,0.4,1.2,0.349,0.9,1.2,0.744,0.3,1.6,1.9,1.1,0.4,0.2,0.9,1.1,4.5,10.3,0.576,15.0,0.4,-2.9,-0.1
Ryan Arcidiacono,2019-20,PG,CHI,58.0,4.0,16.0,1.6,3.8,0.409,0.9,2.4,0.391,0.5,0.7,0.711,0.3,1.6,1.9,1.7,0.5,0.1,0.6,1.7,4.5,9.0,0.551,12.5,1.4,-2.8,-0.2
Jerian Grant,2019-20,SG,WAS,6.0,0.0,13.3,1.7,4.5,0.37,0.3,1.3,0.25,0.8,1.2,0.714,0.3,0.7,1.0,1.5,0.2,0.2,0.5,1.8,4.5,6.6,0.449,17.2,0.0,-6.5,-0.1
Courtney Lee,2019-20,SG,DAL,24.0,9.0,14.4,1.7,3.4,0.488,0.9,2.0,0.447,0.3,0.3,0.857,0.3,1.0,1.3,0.5,0.8,0.3,0.5,1.4,4.5,10.8,0.629,11.9,0.7,-0.6,0.1
Treveon Graham,2019-20,SF,2TM,55.0,20.0,16.9,1.6,4.4,0.36,0.6,2.2,0.275,0.7,1.0,0.643,0.9,1.8,2.7,0.8,0.4,0.1,0.5,1.9,4.4,6.6,0.456,13.1,0.2,-5.6,-0.8
Jacob Evans,2019-20,SG,2TM,29.0,1.0,14.4,1.6,4.6,0.336,0.4,1.3,0.333,0.9,1.0,0.862,0.3,1.1,1.4,1.1,0.4,0.4,0.9,1.4,4.4,5.5,0.436,17.5,-0.5,-7.1,-0.5
Khem Birch,2019-20,C,ORL,48.0,24.0,19.2,1.5,3.0,0.51,0.0,0.0,0.0,1.4,2.1,0.653,1.9,2.7,4.6,1.0,0.4,0.5,0.6,1.9,4.4,11.7,0.566,10.2,2.2,-2.4,-0.1
Nic Claxton,2019-20,C,BRK,15.0,0.0,12.5,1.8,3.2,0.563,0.1,0.5,0.143,0.7,1.4,0.524,1.3,1.7,2.9,1.1,0.1,0.5,0.6,0.9,4.4,14.8,0.577,14.8,0.5,-0.7,0.1
Yogi Ferrell,2019-20,PG,SAC,50.0,0.0,10.6,1.6,3.8,0.42,0.5,1.6,0.304,0.7,0.8,0.857,0.1,0.9,1.0,1.4,0.4,0.1,0.6,0.8,4.4,12.2,0.528,19.2,0.7,-1.8,0.0
Ante Å½iÅ¾iÄ,2019-20,C,CLE,22.0,0.0,10.0,1.9,3.3,0.569,0.0,0.0,,0.6,0.9,0.737,0.8,2.2,3.0,0.3,0.3,0.2,0.5,1.2,4.4,16.4,0.597,17.5,0.5,-3.2,-0.1
Donta Hall,2019-20,PF,2TM,9.0,0.0,14.8,1.7,2.4,0.682,0.0,0.0,,1.0,2.0,0.5,1.6,2.7,4.2,0.4,0.3,0.7,0.6,2.6,4.3,13.6,0.652,11.1,0.4,-3.9,-0.1
Al-Farouq Aminu,2019-20,PF,ORL,18.0,2.0,21.1,1.4,4.8,0.291,0.5,2.0,0.25,1.1,1.6,0.655,1.3,3.5,4.8,1.2,1.0,0.4,0.9,1.5,4.3,7.6,0.395,13.2,0.1,-3.0,-0.1
Troy Daniels,2019-20,SG,2TM,47.0,0.0,11.3,1.5,4.0,0.387,1.0,2.8,0.348,0.2,0.3,0.625,0.3,0.9,1.1,0.4,0.2,0.1,0.3,0.8,4.3,8.4,0.518,16.3,0.6,-2.9,-0.1
Bruno Fernando,2019-20,C,ATL,56.0,13.0,12.7,1.8,3.6,0.518,0.1,0.7,0.135,0.5,0.9,0.569,1.2,2.3,3.5,0.9,0.3,0.3,0.8,1.9,4.3,11.9,0.542,15.3,0.8,-4.1,-0.4
Ryan Broekhoff,2019-20,SF,DAL,17.0,1.0,10.6,1.3,3.5,0.373,1.2,3.0,0.392,0.4,0.5,0.875,0.3,2.2,2.5,0.6,0.3,0.2,0.4,0.9,4.2,13.1,0.568,16.3,0.4,0.8,0.1
Iman Shumpert,2019-20,SF,BRK,13.0,0.0,18.5,1.6,4.9,0.328,0.6,2.5,0.242,0.3,0.5,0.571,0.7,1.9,2.6,0.9,0.9,0.2,0.8,1.6,4.2,5.3,0.403,13.4,0.0,-5.5,-0.2
Alen SmailagiÄ,2019-20,C,GSW,14.0,0.0,9.9,1.4,2.9,0.5,0.2,0.9,0.231,1.1,1.4,0.842,0.7,1.2,1.9,0.9,0.2,0.3,0.8,1.0,4.2,14.5,0.61,18.2,0.2,-2.2,0.0
Elie Okobo,2019-20,PG,PHO,55.0,3.0,13.1,1.3,3.3,0.398,0.5,1.3,0.352,0.9,1.3,0.704,0.3,1.3,1.6,2.1,0.4,0.1,0.7,1.0,4.0,10.6,0.516,14.8,1.0,-1.9,0.0
Cristiano FelÃ­cio,2019-20,C,CHI,22.0,0.0,17.5,1.5,2.5,0.63,0.0,0.1,0.0,0.8,1.0,0.783,2.5,2.1,4.6,0.7,0.5,0.1,0.8,1.5,3.9,12.8,0.671,9.1,1.0,-3.1,-0.1
Terrance Ferguson,2019-20,SF,OKC,56.0,38.0,22.4,1.4,3.9,0.355,0.9,3.0,0.292,0.3,0.4,0.75,0.4,0.9,1.3,0.9,0.5,0.3,0.6,2.8,3.9,3.7,0.481,9.1,0.6,-4.5,-0.8
Marko GuduriÄ,2019-20,SG,MEM,44.0,0.0,11.0,1.4,3.6,0.395,0.6,1.9,0.301,0.5,0.6,0.923,0.3,1.3,1.7,1.0,0.3,0.2,0.8,0.8,3.9,8.8,0.514,17.6,0.1,-3.4,-0.2
Gary Payton II,2019-20,SF,WAS,29.0,17.0,14.9,1.7,4.0,0.414,0.4,1.6,0.283,0.1,0.3,0.5,0.9,1.9,2.8,1.7,1.1,0.2,0.7,1.9,3.9,11.3,0.473,13.4,0.5,-1.6,0.0
DaQuan Jeffries,2019-20,SG,SAC,13.0,0.0,10.8,1.5,3.1,0.5,0.4,1.4,0.278,0.4,0.5,0.833,0.2,1.2,1.4,0.5,0.3,0.1,0.2,1.5,3.8,11.2,0.586,13.7,0.3,-3.8,-0.1
Jaylen Nowell,2019-20,SG,MIN,15.0,0.0,10.1,1.3,3.5,0.358,0.2,1.7,0.115,1.1,1.1,0.941,0.2,0.7,0.9,1.3,0.2,0.1,0.2,0.7,3.8,10.5,0.471,17.3,0.2,-3.8,-0.1
Noah Vonleh,2019-20,C,2TM,36.0,1.0,10.5,1.4,2.6,0.565,0.1,0.4,0.2,0.7,0.9,0.781,1.0,2.4,3.4,0.8,0.3,0.2,0.6,1.1,3.7,15.5,0.622,13.9,1.0,-1.0,0.1
Gary Clark,2019-20,PF,2TM,42.0,5.0,13.5,1.3,3.2,0.406,0.9,2.6,0.351,0.2,0.2,0.9,0.9,1.7,2.6,0.4,0.1,0.5,0.2,1.1,3.7,10.7,0.568,11.0,1.2,-1.9,0.0
DeMarre Carroll,2019-20,C,2TM,24.0,0.0,12.1,1.0,2.8,0.379,0.3,1.4,0.242,1.2,1.8,0.69,0.5,1.8,2.3,1.0,0.3,0.2,0.7,1.3,3.6,9.1,0.515,14.8,0.3,-3.9,-0.1
Anthony Tolliver,2019-20,PF,3TM,55.0,13.0,15.9,1.2,3.3,0.357,0.9,2.6,0.338,0.4,0.5,0.724,0.6,2.2,2.8,0.8,0.3,0.2,0.6,1.3,3.6,7.0,0.513,11.1,0.5,-3.2,-0.3
Nicolas Batum,2019-20,SF,CHO,22.0,3.0,23.0,1.3,3.7,0.346,0.6,2.2,0.286,0.4,0.5,0.9,1.1,3.4,4.5,3.0,0.8,0.4,1.0,1.9,3.6,9.2,0.463,9.4,0.6,-1.9,0.0
Tim Frazier,2019-20,PG,DET,27.0,11.0,13.1,1.3,3.5,0.362,0.4,1.1,0.333,0.7,0.9,0.792,0.3,0.9,1.2,3.4,0.5,0.1,1.3,1.6,3.6,9.8,0.464,17.3,0.1,-4.6,-0.2
Nassir Little,2019-20,PF,POR,48.0,5.0,11.9,1.4,3.1,0.43,0.3,1.2,0.237,0.6,0.9,0.636,0.6,1.6,2.3,0.5,0.3,0.3,0.3,1.5,3.6,9.6,0.505,13.7,0.6,-3.5,-0.2
Theo Pinson,2019-20,SG,BRK,33.0,0.0,11.1,1.4,4.7,0.29,0.5,2.4,0.188,0.5,0.5,0.938,0.3,1.3,1.6,1.7,0.5,0.1,1.0,1.1,3.6,5.2,0.37,22.3,-0.6,-7.0,-0.5
Tremont Waters,2019-20,PG,BOS,11.0,1.0,10.8,1.3,4.5,0.286,0.4,2.2,0.167,0.7,0.7,1.0,0.0,1.1,1.1,1.5,0.9,0.2,1.4,1.2,3.6,4.3,0.381,24.2,-0.3,-7.5,-0.2
D.J. Wilson,2019-20,PF,MIL,37.0,1.0,9.8,1.4,3.6,0.394,0.5,2.0,0.247,0.3,0.5,0.611,0.3,2.2,2.5,0.7,0.1,0.1,0.5,0.9,3.6,8.2,0.475,18.1,0.3,-4.0,-0.2
Mfiondu Kabengele,2019-20,C,LAC,12.0,0.0,5.3,1.2,2.7,0.438,0.8,1.7,0.45,0.4,0.4,1.0,0.1,0.8,0.9,0.2,0.2,0.2,0.2,0.8,3.5,18.2,0.614,23.7,0.2,2.2,0.1
Kyle O'Quinn,2019-20,C,PHI,29.0,2.0,10.8,1.4,2.9,0.494,0.2,0.9,0.259,0.4,0.7,0.55,1.2,2.8,4.0,1.8,0.2,0.8,0.7,1.3,3.5,18.6,0.544,15.7,1.1,3.0,0.4
Miye Oni,2019-20,SF,UTA,10.0,1.0,10.9,1.2,3.2,0.375,0.7,1.9,0.368,0.4,0.5,0.8,0.5,1.2,1.7,0.4,0.4,0.2,0.4,0.9,3.5,9.7,0.512,15.3,0.1,-4.3,-0.1
Kenrich Williams,2019-20,PF,NOP,39.0,18.0,21.3,1.3,3.8,0.347,0.6,2.5,0.258,0.2,0.7,0.346,1.3,3.5,4.8,1.5,0.7,0.5,0.6,2.3,3.5,7.5,0.429,8.9,0.9,-2.4,-0.1
Javonte Green,2019-20,SG,BOS,48.0,2.0,9.8,1.3,2.6,0.5,0.2,0.7,0.273,0.6,0.9,0.667,0.5,1.4,1.9,0.5,0.5,0.2,0.5,0.9,3.4,13.1,0.564,15.3,1.1,-0.7,0.2
Kevon Looney,2019-20,C,GSW,20.0,4.0,13.1,1.5,4.0,0.367,0.1,0.7,0.071,0.5,0.6,0.75,1.4,1.9,3.3,1.0,0.6,0.3,0.6,1.7,3.4,9.4,0.403,15.7,0.0,-5.6,-0.2
Semi Ojeleye,2019-20,PF,BOS,69.0,6.0,14.7,1.2,2.8,0.408,0.7,1.8,0.378,0.4,0.5,0.875,0.4,1.7,2.1,0.5,0.3,0.1,0.3,1.2,3.4,7.7,0.562,9.7,1.9,-1.7,0.1
Lance Thomas,2019-20,PF,BRK,7.0,4.0,14.0,1.1,3.3,0.348,0.6,1.9,0.308,0.6,0.6,1.0,0.3,1.6,1.9,0.9,0.0,0.0,0.9,1.6,3.4,3.0,0.485,13.1,0.0,-8.2,-0.2
Grant Williams,2019-20,PF,BOS,69.0,5.0,15.1,1.3,3.1,0.412,0.3,1.4,0.25,0.6,0.8,0.722,0.9,1.7,2.6,1.0,0.4,0.5,0.7,2.4,3.4,7.9,0.505,11.6,1.6,-2.7,-0.2
Carsen Edwards,2019-20,SG,BOS,37.0,0.0,9.5,1.1,3.5,0.328,0.6,2.1,0.316,0.4,0.5,0.684,0.2,1.1,1.3,0.6,0.3,0.1,0.4,0.9,3.3,6.9,0.444,18.4,0.1,-4.6,-0.2
Tacko Fall,2019-20,C,BOS,7.0,0.0,4.7,1.6,2.0,0.786,0.0,0.0,,0.1,0.4,0.333,0.1,2.0,2.1,0.1,0.1,0.6,0.4,1.0,3.3,28.4,0.751,23.7,0.2,6.5,0.1
Ty Jerome,2019-20,SG,PHO,31.0,0.0,10.6,1.2,3.6,0.336,0.5,1.6,0.28,0.4,0.5,0.75,0.2,1.3,1.5,1.4,0.5,0.1,0.6,0.9,3.3,7.9,0.425,17.9,0.0,-3.7,-0.1
Rodney McGruder,2019-20,SG,LAC,56.0,4.0,15.6,1.3,3.2,0.398,0.4,1.6,0.27,0.3,0.6,0.559,0.5,2.2,2.7,0.6,0.5,0.1,0.4,1.3,3.3,6.7,0.477,10.6,1.0,-3.0,-0.2
Evan Turner,2019-20,SG,ATL,19.0,0.0,13.2,1.3,3.5,0.373,0.0,0.3,0.0,0.6,0.7,0.857,0.4,1.6,2.0,2.0,0.5,0.4,1.4,1.1,3.3,6.8,0.424,16.4,-0.3,-5.5,-0.2
Jordan Bell,2019-20,C,2TM,29.0,0.0,8.8,1.2,2.3,0.522,0.1,0.4,0.333,0.7,1.1,0.613,1.0,1.8,2.8,0.6,0.1,0.3,0.7,0.7,3.2,13.9,0.577,16.4,0.4,-2.5,0.0
Goga Bitadze,2019-20,C,IND,54.0,2.0,8.7,1.3,2.8,0.467,0.1,0.8,0.19,0.4,0.6,0.727,0.5,1.5,2.0,0.4,0.2,0.7,0.5,1.2,3.2,12.1,0.523,17.9,0.7,-2.3,0.0
Amir Coffey,2019-20,SG,LAC,18.0,1.0,8.8,1.3,3.0,0.426,0.3,1.1,0.316,0.3,0.6,0.545,0.2,0.7,0.9,0.8,0.3,0.1,0.4,1.1,3.2,8.5,0.493,17.6,0.1,-4.1,-0.1
Chimezie Metu,2019-20,C,SAS,18.0,0.0,5.8,1.3,2.3,0.571,0.0,0.1,0.0,0.6,0.7,0.769,0.7,1.2,1.8,0.6,0.2,0.3,0.6,0.4,3.2,22.2,0.608,23.7,0.3,1.7,0.1
Paul Watson,2019-20,SF,2TM,10.0,0.0,8.7,1.0,2.6,0.385,0.4,1.2,0.333,0.7,0.9,0.778,0.2,1.5,1.7,0.8,0.4,0.1,0.3,0.5,3.1,12.6,0.517,16.1,0.2,-0.2,0.0
Matthew Dellavedova,2019-20,PG,CLE,57.0,4.0,14.4,1.1,3.1,0.354,0.4,1.6,0.231,0.6,0.6,0.865,0.3,1.0,1.3,3.2,0.4,0.0,1.0,1.4,3.1,8.1,0.463,13.0,0.2,-5.2,-0.7
Rayjon Tucker,2019-20,SG,UTA,20.0,0.0,8.1,1.0,2.2,0.465,0.2,0.9,0.176,1.0,1.2,0.826,0.2,0.9,1.0,0.3,0.1,0.1,0.4,0.5,3.1,9.7,0.584,16.6,0.2,-6.1,-0.2
Bruno Caboclo,2019-20,C,2TM,30.0,0.0,8.1,1.3,3.0,0.427,0.2,1.1,0.182,0.3,0.3,0.889,0.8,1.2,2.0,0.4,0.5,0.6,0.4,1.0,3.0,14.1,0.484,18.0,0.4,-2.1,0.0
Zylan Cheatham,2019-20,PF,NOP,4.0,0.0,12.8,1.5,2.3,0.667,0.0,0.3,0.0,0.0,0.0,,0.8,1.5,2.3,0.8,0.3,0.3,1.0,2.5,3.0,6.7,0.667,10.4,0.0,-7.2,-0.1
Udonis Haslem,2019-20,C,MIA,4.0,1.0,11.0,1.0,2.8,0.364,0.3,0.8,0.333,0.8,1.0,0.75,0.3,3.8,4.0,0.3,0.0,0.0,0.3,1.5,3.0,6.5,0.47,13.8,0.0,-7.4,-0.1
B.J. Johnson,2019-20,SF,ORL,10.0,0.0,8.3,0.9,3.2,0.281,0.3,0.9,0.333,0.9,1.0,0.9,0.3,1.2,1.5,0.3,0.3,0.0,0.6,0.3,3.0,5.4,0.412,22.1,-0.1,-9.0,-0.1
T.J. Leaf,2019-20,PF,IND,28.0,1.0,7.9,1.3,3.1,0.419,0.2,0.6,0.278,0.3,0.6,0.438,0.8,1.7,2.5,0.3,0.4,0.1,0.3,0.8,3.0,12.9,0.451,20.0,0.3,-2.4,0.0
Admiral Schofield,2019-20,PF,WAS,33.0,2.0,11.2,1.1,2.8,0.38,0.6,1.8,0.311,0.3,0.5,0.667,0.2,1.2,1.4,0.5,0.2,0.1,0.2,1.5,3.0,6.1,0.502,11.9,0.1,-5.5,-0.3
Chris Silva,2019-20,PF,MIA,44.0,0.0,7.9,1.1,1.8,0.615,0.0,0.1,0.0,0.8,1.3,0.673,1.4,1.5,2.9,0.5,0.2,0.5,0.7,1.9,3.0,17.3,0.651,17.1,1.3,-2.3,0.0
Johnathan Williams,2019-20,PF,WAS,15.0,6.0,12.0,1.3,2.3,0.559,0.0,0.1,0.0,0.5,0.9,0.538,1.6,2.7,4.3,0.5,0.1,0.5,0.3,1.1,3.0,14.0,0.566,10.3,0.4,-2.0,0.0
Jaylen Hoard,2019-20,PF,POR,13.0,0.0,7.9,1.2,2.5,0.469,0.0,0.2,0.0,0.6,1.0,0.615,1.1,1.4,2.5,0.3,0.4,0.0,0.3,0.9,2.9,14.9,0.504,17.2,0.2,-2.1,0.0
Adam Mokoka,2019-20,SF,CHI,11.0,0.0,10.2,1.1,2.5,0.429,0.5,1.4,0.4,0.2,0.4,0.5,0.6,0.3,0.9,0.4,0.4,0.0,0.2,1.5,2.9,8.2,0.538,12.1,0.2,-4.1,-0.1
Andre Roberson,2019-20,SF,OKC,7.0,0.0,12.4,1.1,4.1,0.276,0.4,2.0,0.214,0.1,0.3,0.5,1.0,2.9,3.9,0.6,0.1,0.4,0.3,1.9,2.9,5.4,0.335,16.1,0.0,-5.4,-0.1
Tyrone Wallace,2019-20,SG,ATL,14.0,0.0,11.4,1.0,3.1,0.318,0.1,1.1,0.067,0.8,1.2,0.647,0.2,1.4,1.6,0.9,0.5,0.1,0.7,1.4,2.9,3.9,0.389,16.0,-0.2,-8.7,-0.3
Justin Anderson,2019-20,SG,BRK,10.0,1.0,10.7,1.0,3.8,0.263,0.6,2.9,0.207,0.2,0.4,0.5,0.1,2.0,2.1,0.8,0.0,0.6,0.4,1.3,2.8,3.2,0.352,17.1,-0.1,-7.7,-0.2
Thanasis Antetokounmpo,2019-20,SF,MIL,20.0,2.0,6.5,1.2,2.4,0.5,0.0,0.5,0.0,0.4,0.9,0.412,0.6,0.6,1.2,0.8,0.4,0.1,0.6,0.9,2.8,12.2,0.496,21.6,0.2,-3.2,0.0
John Konchar,2019-20,SG,MEM,19.0,0.0,9.5,1.3,1.9,0.649,0.3,0.5,0.5,0.1,0.1,0.5,0.9,1.5,2.5,1.2,0.4,0.2,0.4,0.4,2.8,18.0,0.713,10.3,0.7,4.5,0.3
Naz Mitrou-Long,2019-20,SG,IND,5.0,0.0,9.4,1.2,3.4,0.353,0.4,2.4,0.167,0.0,0.0,,0.0,1.4,1.4,1.6,0.2,0.2,0.6,0.4,2.8,7.8,0.412,18.7,0.0,-1.4,0.0
Joakim Noah,2019-20,C,LAC,5.0,0.0,10.0,0.8,1.6,0.5,0.0,0.0,,1.2,1.6,0.75,1.0,2.2,3.2,1.4,0.2,0.2,1.2,1.8,2.8,11.1,0.608,14.7,0.1,-1.6,0.0
Chandler Parsons,2019-20,PF,ATL,5.0,0.0,10.8,1.0,3.6,0.278,0.8,2.8,0.286,0.0,0.0,,0.2,1.2,1.4,0.6,0.8,0.2,0.6,0.6,2.8,5.6,0.389,16.1,-0.1,-6.0,-0.1
Marial Shayok,2019-20,SG,PHI,4.0,0.0,7.0,0.8,3.0,0.25,0.5,1.5,0.333,0.8,1.0,0.75,0.3,1.5,1.8,0.3,0.0,0.3,0.8,1.0,2.8,1.4,0.4,25.8,-0.1,-13.0,-0.1
J.R. Smith,2019-20,SG,LAL,6.0,0.0,13.2,1.2,3.7,0.318,0.2,1.8,0.091,0.3,0.3,1.0,0.0,0.8,0.8,0.5,0.2,0.0,0.7,0.8,2.8,0.0,0.372,14.3,-0.1,-9.8,-0.2
Jarrod Uthoff,2019-20,PF,2TM,7.0,0.0,7.6,1.0,2.6,0.389,0.4,1.3,0.333,0.3,0.3,1.0,0.3,0.6,0.9,0.0,0.1,0.0,0.0,0.3,2.7,8.8,0.503,14.8,0.0,-4.6,0.0
Jarrell Brantley,2019-20,PF,UTA,9.0,0.0,10.7,1.1,3.1,0.357,0.3,1.4,0.231,0.1,0.2,0.5,0.2,2.0,2.2,1.2,0.3,0.6,0.8,0.8,2.7,8.0,0.416,16.3,0.0,-4.6,-0.1
Deonte Burton,2019-20,SF,OKC,39.0,0.0,9.1,1.1,3.2,0.344,0.3,1.4,0.189,0.2,0.4,0.571,0.2,1.3,1.5,0.4,0.2,0.3,0.5,0.9,2.7,4.3,0.396,18.5,-0.5,-6.8,-0.4
Ryan Anderson,2019-20,C,HOU,2.0,0.0,7.0,1.0,3.5,0.286,0.5,2.5,0.2,0.0,0.0,,0.0,3.5,3.5,1.0,0.5,0.0,0.5,0.5,2.5,9.4,0.357,23.7,0.0,-2.8,0.0
Justin James,2019-20,SF,SAC,36.0,0.0,6.4,1.0,2.3,0.417,0.3,0.8,0.31,0.3,0.6,0.476,0.2,0.7,0.9,0.5,0.2,0.3,0.2,0.5,2.5,11.0,0.477,18.9,0.1,-1.4,0.0
Romeo Langford,2019-20,SG,BOS,32.0,2.0,11.6,0.9,2.5,0.35,0.2,0.8,0.185,0.6,0.8,0.72,0.5,0.8,1.3,0.4,0.3,0.3,0.3,1.0,2.5,5.4,0.434,11.8,0.2,-4.9,-0.3
Max Strus,2019-20,SF,CHI,2.0,0.0,3.0,1.0,1.5,0.667,0.0,0.5,0.0,0.5,0.5,1.0,0.5,0.0,0.5,0.0,0.0,0.0,0.0,0.5,2.5,30.7,0.727,24.4,0.0,3.9,0.0
Michael Kidd-Gilchrist,2019-20,PF,2TM,25.0,0.0,11.2,0.9,2.6,0.333,0.2,0.8,0.25,0.4,0.6,0.786,0.6,2.1,2.7,0.6,0.1,0.2,0.6,1.5,2.4,4.2,0.416,13.7,-0.2,-7.4,-0.4
Caleb Swanigan,2019-20,PF,2TM,27.0,1.0,10.7,1.0,1.7,0.596,0.0,0.1,0.0,0.3,0.6,0.529,1.0,2.7,3.7,1.1,0.1,0.3,1.4,2.3,2.4,7.6,0.597,13.5,0.0,-6.0,-0.3
Stanley Johnson,2019-20,PF,TOR,25.0,0.0,6.0,0.9,2.4,0.373,0.3,1.0,0.292,0.4,0.6,0.563,0.3,1.2,1.5,0.8,0.2,0.2,0.6,0.6,2.4,9.9,0.454,23.1,0.0,-2.5,0.0
Terance Mann,2019-20,SF,LAC,41.0,6.0,8.8,0.9,1.9,0.468,0.2,0.5,0.35,0.4,0.7,0.667,0.2,1.1,1.3,1.3,0.3,0.1,0.4,1.1,2.4,10.6,0.545,12.6,0.8,-1.5,0.0
Norvel Pelle,2019-20,C,PHI,24.0,0.0,9.7,1.0,2.0,0.521,0.0,0.0,0.0,0.3,0.6,0.5,0.8,2.2,3.0,0.3,0.1,1.3,0.8,2.3,2.4,10.5,0.526,13.4,0.3,-5.2,-0.2
Gabe Vincent,2019-20,PG,MIA,9.0,0.0,9.2,0.9,4.1,0.216,0.7,3.0,0.222,0.0,0.0,,0.0,0.6,0.6,0.7,0.6,0.0,0.1,0.7,2.4,1.2,0.297,20.2,-0.2,-10.4,-0.2
Dewan Hernandez,2019-20,C,TOR,6.0,0.0,4.7,0.8,2.3,0.357,0.2,0.3,0.5,0.5,0.8,0.6,0.8,1.5,2.3,0.5,0.2,0.0,0.5,1.0,2.3,12.9,0.432,29.3,0.0,-9.6,-0.1
Shamorie Ponds,2019-20,PG,TOR,4.0,0.0,2.8,0.8,1.3,0.6,0.3,0.5,0.5,0.5,0.5,1.0,0.0,0.3,0.3,0.5,0.0,0.3,0.0,0.5,2.3,33.1,0.765,22.8,0.1,13.7,0.0
Johnathan Motley,2019-20,PF,LAC,13.0,0.0,3.2,0.8,1.2,0.733,0.1,0.1,1.0,0.4,0.5,0.714,0.2,0.5,0.8,0.6,0.2,0.0,0.4,0.5,2.2,28.5,0.774,23.5,0.3,8.1,0.1
Thabo Sefolosha,2019-20,PF,HOU,41.0,0.0,10.6,0.9,2.2,0.407,0.4,1.3,0.278,0.1,0.2,0.375,0.5,1.8,2.3,0.6,0.6,0.3,0.4,1.0,2.2,9.4,0.487,10.4,0.7,-1.2,0.1
Wenyen Gabriel,2019-20,PF,2TM,30.0,1.0,7.8,0.7,1.6,0.438,0.2,0.7,0.3,0.5,0.7,0.682,0.7,1.0,1.7,0.3,0.4,0.2,0.5,1.3,2.1,9.6,0.546,13.4,0.2,-3.8,-0.1
Melvin Frazier,2019-20,SG,ORL,19.0,0.0,6.6,0.8,1.8,0.441,0.4,0.8,0.5,0.1,0.2,0.5,0.1,0.4,0.5,0.2,0.5,0.1,0.3,0.6,2.1,9.8,0.559,14.0,0.2,-2.3,0.0
Michael Frazier,2019-20,SG,HOU,13.0,0.0,11.2,0.5,2.2,0.241,0.3,1.8,0.174,0.7,1.1,0.643,0.1,0.7,0.8,0.2,0.2,0.0,0.4,1.7,2.1,-0.9,0.384,11.5,-0.2,-11.0,-0.3
Khyri Thomas,2019-20,SG,DET,8.0,0.0,7.6,0.6,2.1,0.294,0.6,1.8,0.357,0.3,0.5,0.5,0.1,0.0,0.1,0.4,0.4,0.0,0.4,1.1,2.1,3.1,0.453,15.6,0.0,-7.9,-0.1
Zach Norvell,2019-20,SG,2TM,5.0,0.0,8.2,0.6,2.4,0.25,0.6,1.6,0.375,0.2,0.2,1.0,0.0,1.2,1.2,0.6,0.4,0.0,0.6,0.8,2.0,2.6,0.402,16.1,-0.1,-8.4,-0.1
Derrick Walton,2019-20,PG,2TM,26.0,1.0,9.5,0.7,1.5,0.462,0.4,0.9,0.417,0.3,0.3,0.778,0.1,0.5,0.6,1.0,0.3,0.0,0.2,0.8,2.0,8.7,0.617,8.1,0.6,-1.0,0.1
Charlie Brown Jr.,2019-20,SG,ATL,10.0,0.0,4.0,0.6,1.9,0.316,0.3,0.9,0.333,0.5,0.5,1.0,0.2,0.2,0.4,0.2,0.2,0.2,0.3,0.3,2.0,11.0,0.472,25.1,0.0,-2.5,0.0
Alize Johnson,2019-20,PF,IND,17.0,1.0,6.9,0.7,1.7,0.414,0.2,0.5,0.375,0.4,0.6,0.7,0.9,1.9,2.8,0.4,0.2,0.1,0.4,0.7,2.0,13.3,0.509,15.0,0.3,-1.6,0.0
Louis King,2019-20,SF,DET,10.0,0.0,6.2,0.8,2.1,0.381,0.4,1.1,0.364,0.0,0.3,0.0,0.1,0.9,1.0,0.5,0.2,0.0,0.2,1.0,2.0,6.2,0.448,17.1,0.0,-6.2,-0.1
Jalen Lecque,2019-20,SG,PHO,5.0,0.0,6.4,0.8,2.0,0.4,0.0,0.8,0.0,0.4,0.4,1.0,0.0,0.4,0.4,0.4,0.0,0.0,0.4,0.6,2.0,2.7,0.46,17.1,0.0,-9.5,-0.1
Malik Newman,2019-20,SG,CLE,1.0,0.0,4.0,0.0,2.0,0.0,0.0,1.0,0.0,2.0,2.0,1.0,0.0,0.0,0.0,0.0,0.0,0.0,1.0,0.0,2.0,-11.4,0.347,41.5,0.0,-25.7,0.0
Josh Reaves,2019-20,SF,DAL,4.0,0.0,7.0,0.8,2.3,0.333,0.0,0.5,0.0,0.5,0.5,1.0,0.3,0.5,0.8,0.8,0.0,0.0,0.0,1.3,2.0,5.8,0.405,15.1,0.0,-9.4,-0.1
Yuta Watanabe,2019-20,SF,MEM,18.0,0.0,5.8,0.8,1.9,0.441,0.2,0.4,0.375,0.2,0.4,0.375,0.4,0.7,1.1,0.3,0.3,0.1,0.1,0.5,2.0,11.2,0.48,15.7,0.1,-1.7,0.0
Ignas Brazdeikis,2019-20,SF,NYK,9.0,0.0,5.9,0.7,2.4,0.273,0.1,1.0,0.111,0.4,0.6,0.8,0.2,0.3,0.6,0.4,0.0,0.1,0.2,0.3,1.9,3.2,0.351,21.0,-0.1,-9.0,-0.1
Oshae Brissett,2019-20,SF,TOR,19.0,0.0,7.1,0.7,1.9,0.361,0.2,0.8,0.2,0.4,0.5,0.8,0.5,0.9,1.4,0.4,0.2,0.1,0.4,0.9,1.9,6.7,0.458,15.0,0.1,-5.3,-0.1
Vic Law,2019-20,PF,ORL,8.0,0.0,7.8,0.8,2.3,0.333,0.1,0.9,0.143,0.3,0.8,0.333,0.3,1.1,1.4,0.4,0.3,0.0,0.3,0.8,1.9,3.7,0.363,15.8,-0.1,-9.6,-0.1
Vincent Poirier,2019-20,C,BOS,22.0,0.0,5.9,0.8,1.6,0.472,0.0,0.1,0.5,0.3,0.3,0.857,0.6,1.4,2.0,0.4,0.1,0.4,0.4,1.1,1.9,12.7,0.525,15.4,0.3,-3.8,-0.1
Tyler Cook,2019-20,PF,2TM,13.0,0.0,4.2,0.6,0.9,0.667,0.0,0.0,,0.5,0.6,0.875,0.5,0.6,1.1,0.1,0.2,0.0,0.2,0.4,1.8,19.4,0.741,14.7,0.2,-0.2,0.0
Ed Davis,2019-20,C,UTA,28.0,1.0,10.8,0.8,1.6,0.478,0.0,0.0,,0.3,0.5,0.5,1.3,2.5,3.8,0.4,0.4,0.3,0.5,2.2,1.8,9.5,0.489,9.4,0.6,-3.2,-0.1
Devon Hall,2019-20,PG,OKC,11.0,0.0,7.4,0.5,2.7,0.2,0.4,1.5,0.235,0.4,0.7,0.5,0.2,0.5,0.6,1.2,0.4,0.1,0.5,0.5,1.8,3.1,0.298,20.9,-0.2,-6.7,-0.1
Justin Patton,2019-20,C,OKC,5.0,0.0,4.8,0.8,2.0,0.4,0.2,0.8,0.25,0.0,0.0,,0.2,0.8,1.0,0.4,0.0,0.0,0.4,0.8,1.8,4.7,0.45,22.0,0.0,-10.1,0.0
Kevin Hervey,2019-20,PF,OKC,10.0,0.0,5.2,0.7,2.7,0.259,0.3,2.0,0.15,0.0,0.0,,0.1,1.1,1.2,0.5,0.1,0.1,0.0,0.4,1.7,5.0,0.315,22.8,-0.1,-5.1,0.0
Luc Mbah a Moute,2019-20,PF,HOU,3.0,0.0,8.3,0.7,1.7,0.4,0.0,0.7,0.0,0.3,0.7,0.5,0.3,0.3,0.7,0.0,0.7,0.0,0.3,0.0,1.7,6.4,0.425,11.4,0.0,-7.4,0.0
Juwan Morgan,2019-20,PF,UTA,21.0,0.0,6.4,0.7,1.2,0.577,0.1,0.4,0.375,0.1,0.2,0.75,0.5,0.9,1.4,0.3,0.0,0.1,0.3,0.9,1.7,10.1,0.648,11.0,0.3,-3.2,0.0
Chasson Randle,2019-20,PG,GSW,3.0,0.0,13.3,0.0,1.3,0.0,0.0,0.7,0.0,1.7,2.0,0.833,0.0,0.7,0.7,1.7,0.7,0.0,0.0,1.0,1.7,6.7,0.377,7.1,0.0,-5.9,0.0
Dean Wade,2019-20,PF,CLE,12.0,0.0,5.9,0.8,1.1,0.692,0.2,0.3,0.5,0.0,0.1,0.0,0.3,1.3,1.6,0.2,0.2,0.3,0.3,0.7,1.7,13.9,0.744,9.9,0.2,-1.3,0.0
Jared Dudley,2019-20,PF,LAL,45.0,1.0,8.1,0.5,1.3,0.4,0.4,0.9,0.429,0.0,0.0,1.0,0.1,1.0,1.2,0.6,0.3,0.1,0.2,0.9,1.5,7.8,0.558,8.0,0.8,-0.7,0.1
Josh Magette,2019-20,PG,ORL,8.0,0.0,4.8,0.6,1.9,0.333,0.1,0.5,0.25,0.1,0.3,0.5,0.1,0.6,0.8,0.6,0.4,0.1,0.6,0.5,1.5,5.1,0.378,23.7,-0.1,-6.2,0.0
Jonah Bolden,2019-20,C,2TM,7.0,0.0,6.7,0.6,1.6,0.364,0.0,0.6,0.0,0.3,0.6,0.5,0.4,0.9,1.3,0.0,0.4,0.3,0.3,1.4,1.4,4.9,0.392,13.4,0.0,-9.2,-0.1
Kostas Antetokounmpo,2019-20,PF,LAL,5.0,0.0,4.0,0.6,0.6,1.0,0.0,0.0,,0.2,0.4,0.5,0.4,0.2,0.6,0.4,0.0,0.0,0.2,0.4,1.4,16.3,0.902,10.3,0.1,-0.7,0.0
KZ Okpala,2019-20,PF,MIA,5.0,0.0,5.2,0.6,1.0,0.6,0.0,0.2,0.0,0.2,0.4,0.5,0.2,0.8,1.0,0.2,0.4,0.2,0.2,0.4,1.4,13.7,0.595,11.7,0.1,2.4,0.0
Justin Robinson,2019-20,PG,WAS,9.0,0.0,5.4,0.6,1.3,0.417,0.3,0.6,0.6,0.0,0.0,,0.1,0.4,0.6,0.8,0.0,0.1,0.3,0.2,1.4,8.2,0.542,12.7,0.0,-5.7,0.0
Nigel Williams-Goss,2019-20,PG,UTA,10.0,0.0,5.0,0.5,1.6,0.313,0.2,0.7,0.286,0.2,0.2,1.0,0.2,0.4,0.6,0.6,0.3,0.1,0.3,0.6,1.4,8.1,0.415,17.4,0.0,-3.9,0.0
Tyson Chandler,2019-20,C,HOU,26.0,5.0,8.4,0.5,0.7,0.778,0.0,0.0,,0.2,0.5,0.462,1.0,1.6,2.5,0.2,0.2,0.3,0.3,1.2,1.3,10.8,0.717,6.0,0.6,-1.5,0.0
Kyle Guy,2019-20,SG,SAC,3.0,0.0,3.3,0.7,1.7,0.4,0.0,1.0,0.0,0.0,0.0,,0.0,0.3,0.3,0.3,0.0,0.0,0.0,0.3,1.3,6.6,0.4,21.7,0.0,-12.3,0.0
Malcolm Miller,2019-20,SF,TOR,28.0,1.0,5.8,0.4,1.0,0.414,0.3,0.8,0.364,0.1,0.3,0.375,0.1,0.5,0.6,0.4,0.2,0.1,0.1,0.6,1.3,6.7,0.538,9.6,0.3,-2.3,0.0
Tariq Owens,2019-20,PF,PHO,3.0,0.0,5.0,0.3,1.7,0.2,0.0,0.7,0.0,0.7,0.7,1.0,0.7,0.3,1.0,0.0,0.3,0.0,0.0,0.3,1.3,8.4,0.34,16.7,0.0,-5.8,0.0
Jordan Bone,2019-20,PG,DET,10.0,0.0,5.3,0.5,2.0,0.25,0.2,1.0,0.2,0.0,0.0,,0.0,0.4,0.4,0.8,0.1,0.0,0.2,0.6,1.2,0.8,0.3,18.1,-0.1,-11.9,-0.1
Moses Brown,2019-20,C,POR,9.0,0.0,3.7,0.4,1.1,0.4,0.0,0.0,,0.3,0.9,0.375,0.3,1.2,1.6,0.1,0.1,0.1,0.3,0.8,1.2,6.7,0.407,21.2,0.0,-10.0,-0.1
Vlatko ÄanÄar,2019-20,PF,DEN,14.0,0.0,3.2,0.4,1.1,0.4,0.1,0.4,0.167,0.3,0.3,1.0,0.4,0.4,0.7,0.2,0.1,0.1,0.2,0.5,1.2,11.4,0.507,19.1,0.1,-4.8,0.0
Zhaire Smith,2019-20,SF,PHI,7.0,0.0,4.6,0.4,1.6,0.273,0.0,0.4,0.0,0.3,0.6,0.5,0.0,0.3,0.3,0.3,0.4,0.0,0.3,0.6,1.1,1.1,0.313,19.9,-0.1,-9.8,-0.1
Jarred Vanderbilt,2019-20,PF,2TM,11.0,0.0,4.2,0.5,0.7,0.625,0.0,0.1,0.0,0.2,0.2,1.0,0.3,0.5,0.8,0.2,0.3,0.1,0.6,0.5,1.1,7.6,0.676,14.9,0.0,-6.3,-0.1
Quinndary Weatherspoon,2019-20,SG,SAS,11.0,0.0,7.1,0.5,1.5,0.294,0.1,0.5,0.2,0.1,0.2,0.5,0.1,0.5,0.6,1.0,0.3,0.1,0.5,0.7,1.1,3.2,0.336,12.7,-0.1,-7.4,-0.1
Kyle Alexander,2019-20,C,MIA,2.0,0.0,6.5,0.5,1.0,0.5,0.0,0.0,,0.0,0.0,,1.0,0.5,1.5,0.0,0.0,0.0,0.5,0.5,1.0,4.7,0.5,10.2,0.0,-10.1,0.0
Brian Bowen,2019-20,SF,IND,6.0,1.0,5.2,0.5,1.7,0.3,0.0,0.3,0.0,0.0,0.0,,0.2,1.0,1.2,0.0,0.0,0.2,0.2,0.5,1.0,0.1,0.3,15.6,-0.1,-10.9,-0.1
Corey Brewer,2019-20,PF,SAC,5.0,0.0,6.6,0.4,0.8,0.5,0.0,0.2,0.0,0.2,0.6,0.333,0.4,1.2,1.6,0.4,0.8,0.0,0.4,1.4,1.0,8.7,0.47,9.6,0.0,-3.2,0.0
Antonius Cleveland,2019-20,SG,DAL,11.0,0.0,4.2,0.4,1.3,0.286,0.0,0.3,0.0,0.3,0.5,0.6,0.2,0.5,0.6,0.1,0.1,0.3,0.2,0.7,1.0,2.5,0.34,16.9,-0.1,-10.1,-0.1
Josh Gray,2019-20,PG,NOP,2.0,0.0,11.5,0.5,1.0,0.5,0.0,0.0,,0.0,0.0,,0.5,0.5,1.0,1.0,0.0,0.0,2.5,0.5,1.0,-5.0,0.5,12.5,-0.1,-16.0,-0.1
Tyler Zeller,2019-20,C,SAS,2.0,0.0,2.0,0.5,2.0,0.25,0.0,0.0,,0.0,0.0,,1.5,0.5,2.0,0.0,0.0,0.0,0.0,0.0,1.0,22.4,0.25,43.2,0.0,-22.4,0.0
Amile Jefferson,2019-20,PF,ORL,18.0,0.0,4.1,0.3,0.8,0.357,0.0,0.0,,0.3,0.8,0.357,0.6,0.7,1.3,0.2,0.1,0.2,0.2,0.4,0.8,8.9,0.372,13.5,0.0,-5.8,-0.1
Daryl Macon,2019-20,PG,MIA,4.0,0.0,3.5,0.3,0.8,0.333,0.3,0.5,0.5,0.0,0.0,,0.0,0.0,0.0,0.3,0.0,0.0,0.5,0.3,0.8,-3.1,0.5,15.7,0.0,-12.0,0.0
Jared Harper,2019-20,PG,PHO,3.0,0.0,2.7,0.3,1.3,0.25,0.0,0.7,0.0,0.0,0.0,,0.0,0.0,0.0,0.0,0.0,0.0,0.0,0.0,0.7,-5.3,0.25,21.3,0.0,-15.7,0.0
Joe Chealey,2019-20,PG,CHO,4.0,0.0,8.3,0.0,1.8,0.0,0.0,1.0,0.0,0.5,0.5,1.0,0.0,0.0,0.0,0.3,1.0,0.0,0.5,0.5,0.5,-2.9,0.127,13.2,-0.1,-12.5,-0.1
Matt Mooney,2019-20,SG,CLE,4.0,0.0,4.8,0.3,1.0,0.25,0.0,0.5,0.0,0.0,0.0,,0.0,0.8,0.8,0.3,0.5,0.3,0.0,0.3,0.5,8.1,0.25,9.0,0.0,-0.4,0.0
Henry Ellenson,2019-20,C,BRK,5.0,0.0,3.0,0.2,1.4,0.143,0.0,0.8,0.0,0.0,0.0,,0.4,0.8,1.2,0.2,0.0,0.0,0.0,0.2,0.4,-1.3,0.143,19.5,-0.1,-10.9,0.0
Marques Bolden,2019-20,C,CLE,1.0,0.0,3.0,0.0,0.0,,0.0,0.0,,0.0,0.0,,0.0,2.0,2.0,0.0,1.0,0.0,0.0,1.0,0.0,19.8,,0.0,0.0,5.4,0.0
William Howard,2019-20,PF,HOU,2.0,0.0,6.5,0.0,2.0,0.0,0.0,2.0,0.0,0.0,0.0,,0.0,1.0,1.0,0.5,0.0,0.0,0.5,0.5,0.0,-12.7,0.0,15.9,-0.1,-19.6,-0.1
Stanton Kidd,2019-20,SG,UTA,4.0,0.0,3.8,0.0,0.8,0.0,0.0,0.3,0.0,0.0,0.0,,0.0,0.8,0.8,0.3,0.0,0.0,0.5,0.8,0.0,-13.7,0.0,14.6,-0.1,-17.6,-0.1
J.P. Macura,2019-20,SG,CLE,1.0,0.0,1.0,0.0,0.0,,0.0,0.0,,0.0,0.0,,0.0,0.0,0.0,0.0,0.0,0.0,0.0,0.0,0.0,0.0,,0.0,0.0,-6.4,0.0
Isaiah Roby,2019-20,PF,OKC,3.0,0.0,3.7,0.0,0.3,0.0,0.0,0.0,,0.0,0.0,,0.0,0.7,0.7,0.0,0.0,0.0,0.3,0.3,0.0,-7.7,0.0,8.0,0.0,-15.4,0.0
